F1.126;F1.127C;F1.127N;F1.128C;F1.128N;F1.129C;F1.129N;F1.130C;F1.130N;F1.131C;F1.131N;F1.132C;F1.132N;F1.133C;F1.133N;F1.134C;F1.134N;F10.126;F10.127C;F10.127N;F10.128C;F10.128N;F10.129C;F10.129N;F10.130C;F10.130N;F10.131C;F10.131N;F10.132C;F10.132N;F10.133C;F10.133N;F10.134C;F10.134N;F11.126;F11.127C;F11.127N;F11.128C;F11.128N;F11.129C;F11.129N;F11.130C;F11.130N;F11.131C;F11.131N;F11.132C;F11.132N;F11.133C;F11.133N;F11.134C;F11.134N
0.95072721;1.70391872;0.95089256;0.65649297;0.98077226;0.7912146;1.29896402;1.0759404;0.94484216;0.902887;1.3417564;1.087597;0.8026564;0.69014187;0.6869208;1.14552487;0.65167645;1.3205094;0.8486227;0.7117658;0.8776014;0.79689165;1.1299468;0.63157207;1.38725215;0.87981631;1.1287148;0.65919977;1.09059492;0.8781432;1.0571383;0.8250846;0.8721646;0.86130465;0.6787318;1.79828763;0.80490482;0.478900144;0.7901625;0.6751753;0.85488562;0.58724468;0.9874509;0.85488562;0.5665856;1.3417149;1.6906358;0.94841989;1.46295098;1.06765349;0.95542897
1.1342532;1.47269366;0.93400688;0.99652346;0.911541;1.2029975;1.32287988;1.4733293;1.05343935;1.4089923;1.1330085;1.1212717;1.1157098;0.92447985;1.02631291;1.32723776;1.03084618;1.40733585;1.0902942;1.1554718;1.3878842;1.06069853;1.249235;1.02216367;1.29494461;1.19816767;1.3991483;0.8665126;1.5530406;1.0204599;1.1488127;1.0675628;1.1126072;1.14282596;1.1428639;1.28597597;1.15583467;0.85008132;0.80356233;0.82331609;1.01779031;0.79914071;1.037612;1.01779031;0.93673724;1.14692466;1.2776255;0.92739294;1.09163352;1.3737828;1.13121453
1.32172875;1.30074925;0.85213265;0.82470025;0.80711689;0.6458511;1.16213549;1.8004249;1.05122208;1.0793305;1.4015849;1.0682065;0.7791808;0.6588448;0.67839692;1.02136374;0.76694911;1.30051821;0.8928897;0.788452;0.9704155;0.59679722;0.9047433;0.42873094;1.18958633;1.09600723;0.8579919;0.63337676;1.21449751;0.7283061;0.8699784;0.748705;0.8379725;0.87912178;0.8726883;1.91836691;1.14990831;0.400884096;0.77715888;0.71699029;1.30407247;0.65206288;0.9993136;1.30407247;0.61861778;1.1957499;1.69700069;1.06953813;1.31755587;1.21661149;1.58636143
1.13658788;1.35778269;0.73642995;0.92847694;0.96991437;0.8921882;1.65013482;1.5141999;1.07526107;0.91879;1.2544181;1.3445336;1.1249606;0.70945712;0.49040648;1.09999716;0.75834209;1.18197157;0.9429293;0.7849063;0.9903495;0.89380283;0.9037561;0.65919728;1.44051511;1.13542173;1.0890773;0.81667742;0.98283175;0.91505;0.8082014;0.8170654;0.963643;1.09553183;0.9687873;1.52847645;0.81638518;0.618500287;0.74372248;0.802269;1.24614496;0.74289463;1.0059717;1.24614496;0.80257407;0.93370299;1.61334432;0.80394986;1.2390746;1.07353082;1.2262417
1.6258262;1.22143019;1.13207043;1.13058684;1.35521432;1.3148292;1.20612756;1.4572314;0.89863439;0.9053007;1.4356029;1.2871803;0.9194965;0.93483279;1.18370792;1.4241403;1.15667772;0.9893924;1.5154403;0.9968663;1.3153339;1.10961704;1.1493151;0.68817699;1.76502286;1.09722072;1.289153;1.12226021;1.29315994;1.2803834;1.2908253;1.2442202;0.8041745;1.5223648;1.0283019;1.65757937;1.40252307;0.758120277;0.8167925;0.96745125;1.10139711;1.44938089;1.0544202;1.10139711;0.61140962;1.44785562;1.32258962;1.22579994;1.13718953;0.95314595;1.05787315
0.90898167;0.38306976;1.22701284;1.30362994;0.89240074;0.9088635;0.84464264;0.7356757;1.18746487;0.5191238;0.4620923;0.993197;0.6178234;1.20677504;1.39703228;0.99623898;1.06703791;1.20776732;0.6707465;1.2181508;0.7143513;0.76065428;0.5832758;0.04283299;0.80482323;0.65228253;1.0299838;1.02550432;0.76665218;0.778743;0.6843527;0.9439877;1.1168811;1.1876154;1.1216565;0.43079004;1.12729558;0.734067818;0.35440781;2.033218;0.77565914;0.84197449;1.0151723;0.77565914;1.10540778;0.77872403;1.14435513;1.04688334;0.50560473;0.95243007;1.24502586
0.87437553;0.69529305;0.6967751;0.6921289;1.04531113;0.5182371;1.25487234;0.7745552;0.71713363;0.6516439;1.1938331;1.3320533;0.5954852;2.35488433;0.41168088;0.73823763;0.71433782;0.81475849;0.6616164;0.5981479;0.912669;0.29140401;0.3713412;0.65242773;0.78145767;0.45242679;0.5694094;0.23660978;0.38409186;0.8736888;1.1182163;0.5743711;0.5129699;0.3773958;0.7042637;1.91943592;0.81406627;0.025977974;0.91313717;0.70588296;1.07388613;0.78336346;0.9976566;1.07388613;0.3017604;1.50519633;1.84070629;0.93268383;1.53301464;1.22233551;0.18225518
1.57916004;4.20514262;0.63375515;1.78316241;1.80167659;1.4943656;3.82712289;2.1550559;0.80868259;0.2316781;1.4500331;2.9646676;1.142536;0.17010255;0.46919484;2.84746261;0.48180314;0.83182364;0.9853766;0.2163338;0.8660003;0.10735177;1.0191479;0.16968471;1.08267218;0.76168047;0.3069182;0.12318493;0.37188536;1.9561987;0.2327852;1.7382768;0.3501629;1.89095959;2.3725076;2.24866215;0.21139196;0.036939391;0.96588842;0.16270917;1.81688608;0.84161686;1.0924678;1.81688608;0.43308929;0.20694296;4.08992527;0.38123795;0.08961159;1.03466472;1.68102248
1.17088976;1.21401196;0.81331158;1.29478801;1.0875081;0.9403301;0.95264099;0.8625664;1.1249321;0.6147272;0.9104125;1.0309754;0.7981457;0.98709774;1.00556526;1.33618626;0.95486682;1.50305603;0.8805802;0.9959434;0.8982048;1.32329345;0.6182679;0.29340924;1.21275035;1.31361584;0.9359241;0.74488922;1.06343897;0.8487056;1.03238;0.8499091;1.1340434;1.16901196;0.9117066;1.31542923;0.74087339;0.334089654;0.61783282;1.06742296;1.25274813;0.70655427;1.0175204;1.25274813;0.76053944;1.41808399;1.22576923;1.27319805;1.55803199;1.08073879;1.12463162
0.791641;1.60103736;0.74100856;0.55920434;0.86840284;0.7365423;2.57028786;1.2169751;0.81238002;0.7236681;1.067555;1.1251321;0.8724989;0.50602175;0.4210648;1.07017386;0.47489357;1.25025386;0.6562077;0.6995777;0.9024083;0.74310352;0.7423327;0.23083798;1.51563639;1.00446602;1.0464133;0.52651196;1.02894548;0.7144158;1.1423555;0.8100408;1.0858604;0.72810612;0.678162;1.68741302;0.66300925;0.189280591;0.78650241;0.64415134;0.74984854;0.5548418;1.2098714;0.74984854;0.76341452;1.62119308;1.88492327;1.17460832;1.52370647;1.05599349;1.04083861
1.11962963;0.86503518;0.88001365;0.98010143;0.77531893;1.0729724;2.62346465;1.3351273;0.87220554;0.8533453;0.9720386;1.0356362;1.2793328;0.95953046;1.06240797;1.14884239;1.14986486;1.06592546;1.0853493;0.8959776;0.9849694;0.83606913;1.1507902;0.73277756;1.07994625;1.25639217;0.8247235;0.88082749;0.80804478;0.9821743;1.0298986;0.9549636;0.9199688;1.10774887;1.0598337;1.32289762;1.12410052;0.799973469;1.69784494;0.90358749;1.11760083;1.02833437;1.0358661;1.11760083;1.22454435;1.07793857;0.98530042;0.91927756;1.04401926;0.90133262;0.85799735
1.33379192;0.82715288;0.96643174;1.07699904;1.0703918;0.8774487;1.25308659;0.8374409;1.45191823;0.6951224;0.7691041;0.7973752;0.8021852;1.11479724;1.19785773;1.02617404;1.19038864;1.80187501;1.2020029;0.932848;0.8958618;0.9536109;0.8822996;0.23657692;1.38694359;2.50231844;1.0648893;0.8484122;0.82535384;0.9068534;1.2770334;0.9009265;1.4922262;1.22459037;0.8075363;0.92081156;0.98870669;0.482214004;0.71880385;1.21857436;1.02350428;0.94241193;0.9977702;1.02350428;1.13999821;1.60463587;0.97616949;1.4359698;1.1473019;1.03013159;1.07744991
1.14530305;1.53531665;0.80241929;0.9614862;0.80409187;0.9076069;1.4436203;1.5716282;0.97172236;1.3482572;1.3330458;1.1966038;1.0701387;0.71439227;0.69115395;1.13164035;0.89715103;1.28748955;1.034011;0.8867188;1.0646728;0.80970626;1.0506569;1.15127219;1.20432297;1.30303171;0.8770581;0.93322198;1.52518748;0.7918486;0.9361285;0.9800297;0.6157319;0.85930177;0.9954895;1.67820352;0.9307913;1.148501479;0.83717897;0.79033912;1.26711598;0.93236643;1.0279598;1.26711598;0.45537515;1.04976047;1.52517143;1.01939775;1.15844159;1.04109351;1.35527435
1.12491933;1.75364282;0.56406542;0.79864162;0.87604008;0.6848169;1.41338342;1.4776502;1.19913646;0.758242;1.2428536;1.1502282;1.4616812;0.49020665;0.71684703;1.08597742;0.70124742;1.27095599;0.9376605;0.775819;1.0657535;0.59545055;0.870459;0.66488816;1.15716176;1.13245747;1.088252;0.84726923;1.0174422;0.8044877;0.9681073;1.0214281;0.7433079;0.83186601;0.8407886;1.71073673;0.99592792;0.409035062;0.36481399;0.62662906;1.43602373;0.61092319;1.0289148;1.43602373;0.48176724;1.10951107;1.58350588;0.90001948;1.41400619;1.03248153;1.14864169
1.09535258;1.75036312;0.79215457;0.72470185;0.7905045;0.7579323;1.39483039;1.1401684;1.10067023;0.8674455;1.3787969;0.9659177;0.8312644;0.65875559;0.58040792;1.1342209;0.62760222;1.21666743;0.8506132;0.6966574;0.9655108;0.65913732;0.9387816;0.771698;1.1865301;0.72248107;0.8333597;0.7684536;1.3466113;0.6721639;0.9315894;0.949779;0.8;0.70011115;0.731651;1.70563532;0.80240176;0.590271481;0.7320686;0.60937004;1.06128526;0.66835687;1.0544778;1.06128526;0.52656885;1.29098864;1.67718852;1.16300263;1.78356318;0.9885172;1.13730366
1.68863383;1.00252823;0.66249827;0.70851422;0.81877601;0.5620692;2.64925978;0.6940372;0.70177482;2.609186;1.6410002;0.7373664;1.0068624;0.22421734;0.45430181;0.73318072;0.68861215;0.87060275;1.4626234;0.4862613;0.6899318;0.37087656;1.2391338;0.66221655;1.067718;0.68990517;0.2761093;0.17558782;0.69170448;0.8406214;0.8272263;0.9975838;0.649892;0.82612442;0.7557559;2.64416615;0.36548705;0.245306116;1.34739273;0.3546435;0.97926279;0.90535619;1.0143331;0.97926279;0.61676128;1.00490324;1.14401508;0.64115756;1.50152849;1.31879386;0.21736295
1.29845428;0.86942901;0.30409293;0.7710211;0.65669858;0.4275178;0.72740305;1.1186495;1.1903216;0.3035046;0.5721242;0.7926399;0.6019517;0.62456153;0.34070674;0.91933788;0.48025137;0.97074287;0.8014981;0.3664381;0.3776806;0.26665562;0.2944547;0.22448385;1.29418637;0.98439806;0.5946474;0.17077006;0.34258805;0.5942063;0.7693983;0.6019624;0.6555579;0.71027407;0.4935824;1.51466147;0.43362071;0.083126448;0.76901432;0.59577503;0.99650996;0.31346036;0.9637512;0.99650996;0.62519498;1.45259162;2.06740463;1.62268842;0.78650659;0.74279637;1.05453049
0.62124416;0.91586323;0.60776715;0.58076778;0.8976892;0.6031137;0.82750399;0.767053;0.88088532;0.5655736;0.9045839;1.2564019;0.5750375;0.47166937;0.59694848;0.88394265;0.60052874;1.06922758;0.6823198;0.6125737;0.9735285;0.83021795;0.9338909;0.85338945;1.89004985;0.81587674;0.9697079;0.37450692;0.55832288;0.9729229;1.462862;0.8488529;0.5525069;0.52068495;0.6091347;1.38137915;0.78638961;0.240706195;1.09397005;0.63201289;0.70308985;0.72908328;1.0968474;0.70308985;0.30895329;1.72795851;1.78802134;0.71940029;1.4929384;0.95304908;2.81793742
1.15681233;1.50300017;0.77874806;0.99643586;0.91448811;0.7288017;1.74031694;1.0626255;0.94969228;0.8349517;0.9546137;1.0373798;0.9338219;0.96583304;0.86990268;1.03561757;0.95851252;1.23249058;0.9657079;0.7787744;0.9143795;0.86158694;0.8856352;0.46521488;1.14422441;1.46502717;0.9069397;0.86860197;0.86040446;0.8226741;0.9685402;0.8900133;1.0104339;1.05293692;0.8172906;1.2801751;0.77691585;0.59228293;0.76503079;0.79151906;1.18203655;0.61325482;1.0190235;1.18203655;0.78295138;1.35061326;1.35516388;1.09574292;1.3925205;1.05907139;0.9532076
1.17112092;1.19900859;1.13355942;1.13074497;1.30636147;0.8722716;1.00943107;1.0690581;1.04999844;0.9691161;0.8787212;1.0224811;0.9047519;1.43501295;1.31903279;1.0070689;1.04893719;1.34554376;1.0788529;1.2359509;1.1965816;1.45445224;1.2334422;0.62570375;1.01329553;1.3590101;1.1786282;1.41192331;1.38853774;1.4765899;1.1095499;1.3332523;1.2328066;1.42026736;1.0274079;0.8814426;1.20766992;0.755255939;0.71147994;1.12657665;1.25173309;1.04872224;0.9738974;1.25173309;1.04121385;1.0792035;0.92901667;1.06340031;1.211696;1.00754064;1.0004274
1.15490901;1.20119476;0.85149227;1.38953997;1.3058443;1.1036288;1.08860059;1.0263487;1.32903544;0.7587745;0.8423309;1.0882116;0.8707361;0.99044518;0.89104771;1.29245434;0.80821914;1.35385612;0.8641572;1.29059;0.7027866;1.41454256;0.5101329;0.36559121;0.9758117;1.07963456;1.1024312;0.97466319;0.88735626;1.0457928;1.0490104;0.9927744;1.165247;1.31088671;1.0828172;1.22274644;0.81069061;1.011987206;0.73643807;1.08859778;1.1356995;1.18800557;1.0079734;1.1356995;0.99589947;1.27379879;1.19131683;1.04180388;1.26929971;1.04865815;1.25009131
0.9194664;1.46883785;0.61897743;0.75899325;0.82863259;0.6541363;1.65446564;0.8252309;1.15093869;0.8104717;1.0068233;1.0119182;0.9713078;0.45993904;0.49790053;0.99280917;0.73560637;1.26636067;0.7500933;0.6711418;0.9089374;0.72683539;0.5961087;0.58555567;1.19068635;0.95781458;1.0471875;0.5815234;1.27629386;0.6965465;0.8193372;0.7237008;1.0857559;0.74525337;0.6236526;1.36336631;0.62358802;0.2716212;0.54821918;0.56652788;0.87506193;0.47181286;1.0358007;0.87506193;0.62177097;1.12703876;1.5414805;0.87155108;1.44645783;0.84333053;1.00635283
0.96180809;1.61600766;0.81758023;0.99685876;0.84302384;0.7318604;1.03205422;0.8821587;0.85923727;0.4669082;0.6678702;0.788181;0.5973932;0.86416841;0.58438314;1.44325727;0.49018418;1.29447814;0.6043481;0.6484579;0.7666254;1.34579795;0.5515604;0.17593725;1.30139801;1.17657791;1.0219064;0.62957615;0.80628671;0.614135;0.6114119;0.8591069;1.0602244;1.0505186;0.7168269;1.40732467;0.69137452;0.07613152;0.26249607;0.90504465;0.8240455;0.46865282;0.9508522;0.8240455;0.49904184;1.22706575;1.37430491;1.30891874;1.53228091;1.03545542;1.07664776
0.74471553;0.28860746;0.971174;1.00936499;0.78229132;0.904365;0.87050454;0.6359855;0.86000485;0.8110594;0.6164776;0.8993546;0.7771371;1.37722319;1.29681247;0.78464217;1.16818708;0.82631593;0.8402425;1.3123312;0.9409933;0.8088989;0.6589357;0.49480084;0.88627351;0.64073033;1.0182879;1.33097677;0.81235622;0.7858877;0.6807508;1.0393987;0.9449965;1.10724378;0.8727534;0.35468105;1.3379094;0.870332698;0.5304108;1.36872203;0.7315375;0.61120658;0.9556466;0.7315375;0.82075335;0.64799252;0.87078747;0.8181844;0.46463319;0.96871988;1.09781458
1.10827846;1.83706635;0.75345585;0.77333743;0.70654592;0.8235456;0.96713407;0.8949206;1.05345703;0.9058368;1.3671082;0.9612752;0.7492093;0.85558693;0.64802999;1.06556392;0.90564238;1.60835174;0.9541938;0.7512504;1.0148584;0.87653376;0.9400725;1.39499602;1.15259789;1.20118703;0.9032171;0.61816317;1.67936616;0.7721458;0.9871828;0.9963358;1.3076479;0.79198436;0.866126;1.49405794;0.99598513;0.719916464;0.89566938;0.81235289;0.99591717;0.89473503;1.0209867;0.99591717;1.05112336;1.26944921;1.38255142;1.05381002;1.4699151;1.06637481;1.2381347
0.76659343;0.3657627;0.73473019;1.16665675;0.8675243;0.9985561;0.82101912;0.5672877;1.01555838;0.5045945;0.5201418;0.8933342;0.7895767;1.02461181;1.06506428;0.98645521;0.79981913;0.88934125;0.626518;1.1853283;0.6769005;0.72979735;0.434476;0.33766527;0.69620682;0.55344548;0.6947942;0.828927;0.6510385;0.715085;0.5476481;0.696482;1.0422449;0.97668459;0.8644951;0.42844815;0.73692567;0.633324489;0.40537205;0.99242919;0.90123917;0.66442867;0.9427468;0.8350167;0.90123917;0.58248197;0.94018873;0.94444211;0.46555296;0.68017913;0.86387848
0.96150945;2.11053269;0.7614538;0.75648532;0.75730943;0.5752251;1.06551398;1.0685054;1.03346018;1.1631008;1.2266073;0.7624977;0.721612;0.6144319;0.5563354;1.04460261;0.56311259;1.28775375;0.8278656;0.5753422;0.8032887;0.67290485;1.0020103;0.96291457;1.34052099;1.01721397;0.9410384;0.59681403;1.09743945;0.6411223;1.031331;0.8574267;1.1853339;0.78636266;0.6327621;1.5355393;0.50706865;0.574188419;0.78041632;0.59911328;0.79900854;0.53907837;0.9752018;0.88588266;0.79900854;1.33008086;1.21812984;0.94982473;1.30507759;0.93437442;1.00379941
1.32504275;1.71033914;0.75158548;1.01610848;0.68476286;0.8500153;0.86231093;1.5165645;1.1389762;1.0858013;1.3674716;1.1651401;1.0008946;0.56291506;0.69272835;1.48731857;0.8322902;1.08384849;0.8819848;0.4725136;1.0123527;0.71656455;1.0703582;0.94760884;0.9031726;0.71931986;0.8569745;0.72218779;2.2661661;0.6709283;0.8230328;0.7749372;0.8813888;0.72283741;0.9817524;1.71502383;0.83604746;0.37187967;0.43975496;0.49140069;0.50382767;0.63890041;1.042679;1.52554665;0.50382767;0.83918426;1.70321093;0.76792163;1.53453315;1.04781524;1.30554102
1.02106612;0.59137569;0.86781639;1.08191075;0.98002897;0.9124136;0.743097;0.7299114;1.16420615;1.0470152;0.7244222;0.8655796;1.0445815;1.3508384;1.09261173;0.82571269;0.94238977;0.76621487;1.2136955;1.1669721;1.0152911;1.08103273;0.8866077;1.38542097;0.87261109;1.28502412;0.7474855;0.79863794;1.07285617;1.0736532;0.8728371;1.2503704;0.9099461;1.21542154;0.9135658;0.57547955;0.96263536;1.044289425;0.64288884;0.88742863;0.77768441;0.92815969;1.0009827;0.9220379;0.77768441;0.78506487;0.73227803;1.04365966;0.85041508;0.92776256;0.74393842
1.2544838;1.4070237;0.81209832;0.82836647;0.93148294;0.8186917;1.19967483;1.1527354;1.05572109;0.6956747;0.7033298;1.0332651;1.0951664;1.20104321;1.23194571;1.12160014;1.19352107;1.33487218;1.2551076;0.7773713;1.1630344;1.07575475;1.1576627;0.33903137;1.30693325;2.01059059;0.9671733;0.91534156;1.09229856;0.9184536;0.7634141;1.1545245;0.9626051;0.93774054;0.7072152;1.06949967;1.49285221;0.553927678;0.50069375;1.25265554;0.62665618;0.80406594;1.051523;1.36459521;0.62665618;0.82058467;1.27898433;1.21890199;1.26904135;1.27155863;0.91044242
1.17098244;0.82793866;0.37950455;0.62977229;0.67958846;0.6939168;3.0630612;0.9970522;0.52675971;0.7570161;1.0732245;0.7134807;0.8609923;0.48481073;0.46925628;0.881037;0.48459874;1.02482229;1.0450962;0.6968175;0.6502096;0.37123872;0.5132068;0.67906167;1.30630138;0.96985267;0.9944287;0.55786324;0.71879002;0.7455797;0.9687118;0.8046384;1.4404507;0.67393753;0.6751039;1.35371429;0.43334796;0.463420736;1.15990763;0.56086582;1.14614873;0.67773229;0.974191;0.85265712;1.14614873;1.05058648;1.14666852;0.92192312;1.0001015;0.7634612;0.67573615
1.42504465;1.68884006;0.73754583;1.04155569;0.88244414;1.0559372;0.89145244;1.6983832;1.07004656;1.0476633;1.2353111;1.1705871;0.7899549;0.75826304;0.72474045;1.35278573;0.83758514;0.92798529;1.1987232;0.7412613;1.0185012;0.85798154;1.0578321;1.22679012;0.98652696;1.23747021;0.9343525;0.79067;0.9787456;0.8730638;0.8145089;0.7627014;0.9706989;0.953055;0.9815399;1.58646339;0.85412206;0.821624124;0.8564718;0.86103007;0.59374498;1.05345265;1.006328;1.3514013;0.59374498;0.98565953;1.45525113;1.02024447;1.26644114;1.11561814;1.63618389
0.74031036;1.77016202;1.05732447;0.76582288;0.71933587;0.4700207;1.45288777;1.1010957;1.27109169;0.7165776;1.160237;0.7356352;0.8667525;0.5499166;0.63928505;0.92127943;0.68311143;1.53118346;0.7111406;0.9088773;1.0967827;0.73689901;0.8058768;0.64804638;1.65089433;1.13441739;1.1528198;0.64812728;1.23100786;0.6443985;1.0886617;0.8347139;0.7680482;0.95520026;0.8528826;1.57269768;1.13408718;0.394748881;0.84648773;0.77129442;0.53905182;0.48312566;1.0906727;0.90630305;0.53905182;1.50534215;1.24397333;1.02493198;1.39001102;0.7675436;0.94088526
0.94994716;1.74127441;0.78409051;0.62122039;1.02812715;0.6953706;1.49386702;0.8473416;0.77489626;0.9309957;1.1828641;0.8804781;0.8896729;0.68133815;0.67107303;0.98278036;0.51296393;1.19511539;0.8914865;0.731597;0.8241066;0.80068881;0.9869096;0.51548928;1.5071056;1.06019947;1.0233334;0.55337673;1.09434652;0.8789463;0.9840239;0.7704256;0.929252;0.82332526;0.5436994;1.6574555;0.62693071;0.239688159;0.68913376;0.57538502;0.42815071;0.47532596;0.9682313;0.89361818;0.42815071;1.34698878;1.41737411;0.96888978;1.67311373;1.07385516;0.99287577
1.4574523;1.64776432;1.20809452;1.24618388;1.32632748;1.8635383;1.44075192;2.5981832;1.03676243;4.0392062;2.3742472;2.1754805;1.7799137;0.99712775;1.34801259;1.26629487;1.11765303;1.08201779;1.6997744;1.4260016;1.879414;1.77129212;2.0404397;5.17629993;0.9402115;1.27445603;1.2972787;2.10331215;1.60370724;1.3321217;1.5195199;1.041002;0.887154;1.10366171;1.6526514;1.28892396;1.07611666;5.596597958;3.18479392;1.41571282;1.35583995;2.73922462;1.004465;1.40261176;1.35583995;1.45823316;1.18693851;1.00311527;1.34802654;1.34767764;1.54372155
1.26843551;0.82393954;0.30678188;0.73511327;0.67785818;0.3896573;0.49844779;1.0123774;1.18830154;0.2604096;0.4481046;0.6534214;0.5468097;0.58939491;0.28121699;0.86369937;0.42989487;1.18373375;0.7975019;0.4060425;0.3215954;0.33199847;0.2700362;0.08512278;1.49441739;1.07432288;0.6741371;0.10425448;0.31856116;0.5860488;0.8707544;0.720562;0.7615169;0.84229901;0.4464656;1.40111212;0.38966714;0.093444938;0.65614005;0.5497477;0.61939419;0.28836373;0.9456371;0.90306998;0.61939419;1.33525904;1.906628;1.5224827;0.79262964;0.69482966;0.96094612
0.7666336;1.43149899;0.72868855;0.60291562;0.74844434;0.5912831;1.98889492;1.3208617;0.76906102;0.7370225;0.848483;0.9110282;0.9153716;0.46282312;0.4007492;0.86801151;0.39416577;1.35250461;0.650526;0.7925938;1.0714927;0.77843947;0.7352156;0.25842901;1.6491271;0.80942654;1.1269055;0.4257582;1.25229374;0.6989133;0.9035977;0.7282439;1.0199833;0.7738709;0.6273884;1.29823631;0.45351046;0.046047799;0.90748023;0.44807357;0.57791598;0.35221562;0.9131762;0.715363;0.57791598;1.09572443;1.3737799;0.79303287;1.36332959;0.84210392;0.79468588
1.28749977;1.33898178;1.10845826;1.45843218;1.27707552;1.2270989;1.22225871;1.5729752;1.17674136;1.7480706;1.3261269;1.3179663;1.1703236;1.1182528;1.31171542;1.18013189;1.33874626;1.27019123;1.1759962;1.3141307;1.439421;1.56231314;1.1666309;1.95430152;1.01738269;1.60099975;1.0520896;1.60584223;1.55341018;1.2997584;1.3466632;0.8785426;1.0338901;1.17509551;1.3207483;1.12680462;1.02702283;2.210671944;1.39084825;1.35741999;1.10660346;1.47505662;1.019083;1.25008569;1.10660346;1.28703468;1.01122239;1.00463204;1.27971789;1.14154605;1.30722121
0.79704968;1.37179265;0.65864693;0.54655456;0.84949608;0.677915;1.29284672;1.1122942;1.78394672;0.8532608;1.6180538;0.8133309;0.9187583;0.65722393;0.52832806;1.04654202;0.58176102;1.07152328;0.7002053;0.7607974;0.7423565;0.79812006;0.7467183;2.42728226;1.0207604;0.8812156;0.9048601;0.52174194;1.65840069;0.722276;1.1467095;0.741214;0.965851;0.77241054;0.5348673;1.13888858;0.57318576;0.641206818;0.95077302;0.50321835;0.84231453;0.57024843;1.000942;0.61298229;0.84231453;1.45158738;1.30196465;0.97103924;1.60759187;0.89328675;0.87582906
0.98365784;1.7377478;0.50402691;0.69894165;0.78550913;0.6972377;2.58119216;1.188209;0.77106017;0.9316385;1.1116959;1.1172847;1.0691772;0.48916395;0.51447596;1.02259255;0.54688178;1.1456618;0.7923609;0.7783313;0.8972068;0.49437058;0.69674;0.63619832;0.92728833;1.07250954;0.8482963;0.55615938;0.90608754;0.7532976;0.9644592;0.8834332;1.1670789;0.75492761;0.7910351;1.59700782;0.57983117;0.296375961;0.79068496;0.64592057;0.79849083;0.69873453;1.0103196;1.04581554;0.79849083;1.15792316;1.58771073;1.02832764;1.17623192;0.92711037;1.0856141
1.20406756;1.78498108;0.77454153;0.76437548;0.86096375;0.6368005;1.60357465;1.2795986;1.06824884;1.0526757;1.299927;0.8724901;0.8623805;0.6460819;0.64415987;0.92531025;0.60575445;1.24797582;1.0952103;0.726241;0.9740599;0.67880388;0.9912796;0.8004366;1.38063037;1.18816311;0.9713276;0.81476571;1.24514082;0.8475201;0.910551;1.0348654;1.1136086;0.83451168;0.7073455;1.67801314;0.9811498;0.512421349;0.54711851;0.7609706;0.87758747;0.69453965;1.0271292;1.17828941;0.87758747;0.92624849;1.38121643;1.33728464;1.42296125;0.88634877;0.90712493
0.98367226;1.624823;0.61579682;0.79844201;0.82606381;0.7519917;1.86975993;1.5449708;0.9551521;0.8549846;1.452788;1.2976456;1.0917532;0.65766286;0.64243858;1.09254259;0.64108784;1.199014;0.8522039;0.6983497;0.8996358;0.79572681;1.0631532;0.66108168;1.33290309;0.95525665;1.0531393;0.5458083;1.10646957;0.7721735;1.0019624;0.9075183;1.1298761;0.77373361;0.7338614;1.72195267;0.65237533;0.275205452;0.72858227;0.66091341;0.75443464;0.5992774;0.9874095;0.96929937;0.75443464;1.28904683;1.92561041;0.93320407;1.46141974;0.98629466;1.17321034
0.90312337;0.45980227;1.1175072;1.11063442;0.88160148;1.0293489;0.71502366;0.856716;0.92390578;1.1023068;0.6823195;0.8833874;0.9202856;1.48015041;0.90653999;0.91028336;1.04680712;0.89350662;0.9524135;1.2601631;0.9265767;0.89767805;0.7679865;0.67701152;0.80879022;0.7643753;0.6988327;1.17324113;0.79703966;0.8852649;0.8407353;1.2348368;1.1364749;1.05130861;1.0325405;0.43082305;1.1173943;1.195116042;0.68722386;1.12639923;1.00602311;0.97112295;1.0028426;0.82692396;1.00602311;0.75113072;0.77909038;1.00935674;0.62396913;1.00316372;1.07115629
0.81800495;0.39355097;1.12254582;1.18667538;0.84851426;0.7939831;0.65879096;0.7114045;0.96168144;0.8994132;0.4994196;0.6639684;1.0222925;1.12120113;1.00344292;0.74145355;1.02261626;0.81999315;0.827414;0.9676434;1.019289;0.94250547;0.8298702;0.33301867;0.83380859;0.75101804;0.6402827;0.87312079;0.94058549;0.9230778;0.7289653;0.9893538;1.067326;0.98572327;1.0942765;0.3521282;0.92705487;0.990704634;0.49921605;1.05952144;0.96726752;0.7831766;1.0171081;0.90441939;0.96726752;0.65127452;0.61492259;0.9593236;0.73553886;0.84680034;0.65180486
1.29931952;1.19414734;1.0961684;1.13556037;1.15525297;1.2372828;1.11420243;1.7306404;1.05465656;2.554375;1.6833666;1.4435306;1.3167548;1.19822489;1.25970435;0.95568463;1.32946486;1.2248798;1.523917;1.2814148;1.7254224;1.57953026;1.9064447;3.78906435;0.82736178;1.44430976;1.1952371;1.7936574;1.85802284;1.496995;1.6903151;1.1486476;0.9176398;1.21246105;1.7745231;1.13123106;1.22224337;3.067231226;2.23731667;1.22003584;1.17425885;1.76229048;1.0263587;1.38236447;1.17425885;1.3748633;0.96494425;0.86285758;1.35568281;1.2706673;1.19411383
1.24775745;1.74829038;0.72469348;0.87925242;0.91774324;0.9667739;1.47000785;1.4618033;1.17704757;1.6626073;1.5177178;1.2964719;1.161092;0.79191937;0.78007153;1.16332366;0.8935035;1.16824108;1.2370804;0.8598642;1.3463613;1.10768864;1.0540135;1.59088783;1.12811495;1.22580718;1.1804756;1.00328117;1.49487131;0.9894575;1.0958588;1.052565;1.0337528;0.89543574;0.940973;1.67784548;0.97152201;1.150223961;0.95331092;0.79527099;0.89081565;1.05157258;1.0236177;1.17479377;0.89081565;1.16422913;1.41994142;1.00844724;1.42565628;1.21946781;1.4458627
0.97066469;0.54798665;0.97015131;1.2214522;1.01368377;1.1977325;0.84774409;0.9657847;1.24464413;0.9467926;0.8238872;1.0948732;1.1650396;1.13868975;1.1721496;0.98262748;1.16033979;0.97615875;1.1331044;1.3202431;1.0682872;1.24658569;1.038199;1.52980369;0.91046998;0.95429265;1.10349;1.20880017;1.22713157;1.1130053;0.8802896;1.0174301;1.2729387;1.11929978;1.1047963;0.53900707;1.13356082;1.174363992;0.92623176;1.16356733;1.26096063;1.04272613;0.9905798;1.04027034;1.26096063;0.74897536;0.78054402;1.01383346;0.73918987;0.95843773;0.82834137
0.81113697;0.9196552;0.60760977;0.75425226;1.28555376;0.7797421;1.80167694;0.7390039;0.98173277;0.6096801;1.3011517;1.2098273;1.1775395;0.66893933;0.67855915;1.03677351;0.54363402;0.80725563;0.761758;0.5709001;0.5734245;0.43588449;0.8363873;0.72843179;1.03648994;0.75441141;1.0798843;0.15127229;0.51466653;1.1889409;1.3282397;0.6487842;0.5982084;0.42175676;0.7361079;2.00519767;0.80230359;0.416221401;0.94608406;0.51085352;0.39410384;0.72630877;1.0259617;1.13005917;0.39410384;1.4986468;1.65245853;0.6578801;1.65003707;1.05976854;0.44433111
1.32019425;0.64483934;1.68172839;0.72290492;0.6490727;1.1260468;1.18488181;2.3413503;1.06038278;2.4887126;2.716493;1.4897836;1.8753166;1.11431133;0.97944821;0.7350302;1.25403899;0.95322203;1.7390641;1.3472838;1.7855688;1.28540882;0.3488611;7.16983364;0.54101485;0.96655321;0.3062792;2.63900117;2.11320713;0.9675616;1.3211087;0.8572099;0.5539741;1.34021019;0.8990673;1.23168178;1.30406202;2.992628487;2.1091644;0.79886596;0.63512938;0.22987675;0.9679024;1.17260673;0.63512938;0.72182048;0.59952282;0.95462593;0.60083144;1.14511938;1.47843964
0.77220034;0.33794438;0.8129908;0.96028986;0.80767619;0.7360225;0.58633212;0.4656777;1.03784271;0.7558308;0.4708039;0.6230382;0.8853069;1.1798843;0.84580332;0.67604367;0.93655406;0.60793096;0.7953463;0.865055;0.7034375;0.77443836;0.556879;0.50385644;0.70056253;0.86467275;0.5100919;0.77702399;0.75103292;0.8456348;0.5226583;0.7899084;0.9005978;0.96386513;0.9271363;0.32450183;0.90636315;0.918364581;0.46141788;0.73082745;0.82857738;0.507325;1.0233623;0.89410752;0.82857738;0.58922786;0.52261697;0.71688157;0.7507994;0.68202727;0.53101428
1.12954812;0.81527008;1.04704767;0.93078126;0.91434619;1.0891679;0.80045934;1.2033053;1.3284347;0.7948022;0.9760226;1.071269;0.8987464;1.29944632;1.17196437;1.11928007;1.15212011;1.16292176;1.1489284;1.0951432;0.9744594;1.21911433;1.0357195;0.94102248;0.90323716;1.11337246;1.1664609;0.93165158;0.94123355;0.8581493;0.9621782;0.9989554;0.9965767;1.23978498;0.8819346;0.8696591;1.34502936;1.147944326;0.89052756;0.92688271;1.00130481;0.80363856;0.9726196;1.19686739;1.00130481;0.91675066;0.96090242;1.10933817;0.95349059;1.09503493;0.96246276
1.09347164;1.01945388;0.76153512;0.86731019;1.03042468;0.7372515;1.08118381;0.6575229;1.20711126;0.7204569;0.8157631;0.7579816;0.7059146;0.35784184;0.49261606;0.95268402;0.545195;1.06492588;0.7528151;0.6099903;1.1036961;0.82738616;1.2657203;0.77908882;1.95411173;0.84696451;0.8927869;0.36143229;0.61158442;0.9503064;1.3002076;1.0156991;0.5394518;0.63664766;0.7278376;1.50831591;0.94899383;0.525454254;1.13259378;0.72600945;0.42680816;0.87911501;1.123781;1.09349817;0.42680816;1.55712882;1.26638051;0.83772557;1.41191287;0.98029261;2.65111506
0.78599624;1.50960007;0.81172836;0.94717333;0.73036021;0.6315329;1.30069176;0.7659675;1.15356981;0.6154891;1.0078539;0.8314571;0.6498697;0.49773404;0.562812;0.90233283;0.68828567;1.21068527;0.5420138;0.6437358;0.7198634;0.76454352;0.5420442;0.49810116;1.36241413;0.98153903;0.7598456;0.53732291;0.82882397;0.5702393;0.802708;0.7225992;1.4327926;0.62446848;0.6024461;1.3677959;0.45414598;0.258102125;0.67699276;0.54707295;0.88211983;0.5117745;0.9754578;1.03813862;0.88211983;1.06702867;1.19840161;0.8901156;1.31340841;0.86878994;0.91312231
1.4406354;0.89494238;0.34330333;0.82921156;0.70319173;0.3992557;0.54233708;1.0793968;1.38470952;0.2723575;0.5080616;0.7100442;0.5292127;0.66633274;0.32331553;0.91398809;0.4184367;1.26730115;0.9057763;0.3902542;0.3636372;0.35776196;0.3479422;0.24126329;1.61315761;1.08137446;0.7019311;0.18506244;0.39089547;0.5555033;0.8570544;0.702712;0.8380746;0.89355583;0.4643383;1.51989462;0.43303696;0.159919701;0.7089256;0.65057792;0.70845163;0.36470368;1.0574086;1.05435341;0.70845163;1.47495612;2.10686207;1.84234712;0.94041896;0.76966207;1.12675457
3.11002564;2.01866381;0.34519801;0.50691087;1.5745889;0.9982862;2.20423598;1.1393625;2.04297861;0.9561512;1.1595952;1.8971365;2.2325682;0.34712465;0.7964111;1.36569675;0.3805338;1.04694748;3.4232095;0.4725545;1.1172549;0.20437262;0.9215224;1.03654445;0.41031921;1.29969741;1.6521625;0.05431238;0.16591907;1.458173;2.7551933;1.0453245;0.3161698;0.90039462;0.5995654;1.86127134;1.47264566;0.634583145;0.59458861;1.32519055;0.22389153;0.65127507;1.4116322;0.76120127;0.22389153;3.19860739;2.41745197;0.10720679;1.79380539;1.47955667;0.20027694
1.25192281;1.38933725;0.82531672;0.91424045;0.87842108;0.8795436;1.32937484;1.2820647;1.04879459;0.9183166;0.96014;0.9339592;0.8175102;0.97869615;0.9091524;1.14713884;0.84505443;1.15759521;1.0000294;0.7874708;0.846816;1.03587478;1.0739189;0.42535536;0.96231747;1.17427117;0.852477;0.85269627;0.94243173;0.8796379;0.8479563;0.9240824;0.9678535;0.95666801;0.9376977;1.25698773;0.90752271;0.849480046;0.76777041;0.85726678;0.92446682;0.87892773;1.0058485;1.12068667;0.92446682;1.04742888;1.07660217;0.93955688;0.78981683;1.03266248;0.96376659
1.26209146;1.55340518;0.70498934;0.99327214;0.61951731;0.6156582;1.01112367;1.9911253;1.2593646;1.2220318;0.9250753;1.052767;0.6603115;0.55816073;0.67590895;1.30875277;0.79769823;1.28351449;0.9413321;0.6064325;0.8698432;0.78959563;1.290943;0.83189612;0.84055245;1.2984552;0.7440939;0.75546253;1.20595152;0.5762377;0.6203039;1.2066161;0.5854999;0.77900566;0.9469938;1.3029711;1.32036404;0.712706084;0.83199141;0.69351252;0.34984805;1.03125789;1.033958;1.33384584;0.34984805;0.72404073;1.4717261;1.18194262;1.13195399;1.03230686;1.45167283
1.38619958;1.50453031;0.65908185;0.88598412;0.63046738;0.7986758;0.71235776;1.9341548;1.01748696;1.0594464;1.3616492;1.1470122;0.8448701;0.54557978;0.68189345;1.55205904;1.04732527;1.04219005;0.885921;0.6536277;0.9246136;0.6532035;1.0740859;0.86772031;0.6978682;0.87628116;0.7915385;0.69312593;1.15415484;0.5412595;0.6751073;0.757616;0.8360296;0.62644027;0.9785272;1.66254077;0.97597625;0.608152722;0.55925944;0.51131493;0.57669909;0.6352922;1.0299787;1.15925178;0.57669909;0.81221082;1.6190115;0.7732235;1.44726514;1.01520636;1.30284924
1.16101115;0.89406391;1.32679527;1.35949249;1.06645593;1.1894357;0.96495634;1.0345894;1.02306017;0.9961479;0.853559;1.0558344;0.8877204;1.4676209;1.22562013;1.14676272;1.24685728;1.10781977;1.1261208;1.268542;1.1066162;1.22254784;1.1170827;0.4177339;1.04535222;0.84325342;1.0910588;1.41823974;0.93759098;1.1130549;0.969757;1.4340732;1.2008843;1.07539231;1.1124078;0.85768111;1.15669394;1.03817624;0.69769384;1.48673426;0.92469849;1.12371169;1.0120559;1.02328942;0.92469849;0.96471652;0.96656243;1.10854347;0.81077274;1.11570966;1.24148093
0.74801639;1.0930725;0.79275122;0.7130605;0.92585971;0.616035;1.17534462;0.9064134;0.98918155;0.9309881;0.834076;1.2200634;0.7291672;0.31995916;0.57653638;1.07979435;0.66652633;0.95254232;0.5726236;0.4822307;0.8594508;0.83755132;1.0623138;0.71570019;1.93923702;0.74824261;0.8503252;0.24722462;0.38669183;0.8316487;1.2159777;0.8466075;0.4054256;0.37476487;0.8008686;1.5304064;1.14145462;0.429161216;1.03404558;0.71351035;0.36918534;0.98225118;1.1917088;1.37130783;0.36918534;1.71094189;1.9072191;0.88155593;1.68579481;1.18164173;3.13130851
1.11749415;1.31494072;0.60313046;0.73879937;0.69288128;0.5958168;1.41468015;0.8432966;1.15440596;1.0784461;1.4915802;0.9066417;0.87172;0.6474543;0.63762554;0.88209443;0.72242202;1.3083211;0.9954149;0.6332509;0.8036848;0.63364845;0.9929622;1.5333797;1.33002789;1.12195366;0.8319997;0.53012419;1.72522535;0.6679007;0.9607228;0.8775931;1.1746738;0.87426112;0.8613274;1.82974149;0.87723621;0.782619262;1.44169784;0.66042974;1.11775209;0.69435836;1.0294237;0.96041535;1.11775209;1.17732546;1.48079892;1.27541976;1.45049061;1.05844749;0.98929317
1.42403811;1.15554587;1.24569863;1.27197352;1.26475445;1.4814464;1.07449943;1.6473846;1.23029176;1.6689168;1.327125;1.4871019;1.1786654;1.34339112;1.46709027;1.31226186;1.60186798;1.18915996;1.4781387;1.2712136;1.360759;1.42078547;1.5120045;2.16473149;1.02115001;1.53448069;1.2746574;1.67698006;1.5234186;1.3721181;1.1409001;1.4751657;1.1481033;1.33110288;1.4999714;1.004683;1.42999938;1.878121915;1.36284593;1.41094017;1.50994592;1.60006377;1.002811;1.44987392;1.50994592;1.0672278;1.08132209;1.08370003;1.08448832;1.16532897;1.10423941
0.88904095;1.14469408;0.43881264;0.75134272;0.6834724;0.6085683;2.01549856;1.1095109;0.89917657;0.6166586;1.0867528;0.9335497;0.7380951;0.57974815;0.48185163;0.86451288;0.54191473;1.23827382;0.6619185;0.7652963;0.6738614;0.3989356;0.595942;0.67816111;1.23237107;1.03372626;0.8160723;0.518141;0.79989743;0.6861296;0.7600162;0.8134252;0.6049352;0.61580512;0.7284598;1.56341717;0.57482547;0.363379785;0.88809299;0.66434941;0.45241069;0.49274798;1.0399672;0.86516063;0.45241069;0.98512506;1.43648342;1.04488656;1.11385888;0.96984327;1.13475308
1.17416901;2.09427573;0.94535793;0.79342294;0.77040785;0.6049038;2.12619267;0.9205904;1.10368377;0.9348853;0.9390012;1.1265216;1.0000921;0.81441436;0.52038171;0.93605249;0.67641017;1.73706868;1.0644565;0.6394064;0.6784093;0.59888537;0.6918919;0.71532676;1.62818968;0.89155833;0.9974349;0.76177494;1.00173545;0.6390496;0.7728014;1.1691105;1.0857185;0.88612375;0.8450747;1.39693367;0.61046484;0.249400904;0.87962796;0.86932581;0.67132327;0.47912215;1.0802759;0.69792244;0.67132327;1.12566863;1.84981978;1.12492457;1.27456135;1.0526022;1.10031502
1.05337053;0.75824061;1.01263326;0.98536691;1.00008171;1.2249257;0.76131899;0.9118554;1.06223649;0.887329;0.9942608;1.0971767;1.0235417;1.22238607;1.38989569;1.049412;1.15865008;0.98398235;1.214181;1.2435553;0.9666405;1.20763002;1.1189823;0.88202414;0.99724704;1.00571368;1.0753687;1.18469071;1.11042695;1.0619337;0.8596163;1.2011472;1.1556745;1.17355389;0.9552801;0.69405489;1.19649024;0.925740137;0.66824818;1.10301388;1.11089018;1.13189876;1.0304976;1.04892604;1.11089018;0.81149965;1.02622709;1.21054429;0.74184156;1.0569458;0.93003424
0.94848072;0.61242164;0.975003;1.09743563;0.94265192;0.9029968;0.70965339;0.5737209;1.00828949;0.5361135;0.6004856;0.76767;0.8145451;1.14696986;0.93135498;0.92968224;1.02750501;0.88266959;1.0001322;0.8841266;0.6950254;0.90454069;0.5691118;0.34648252;0.96805063;0.9173486;0.7820029;0.782989;0.83013587;0.983813;0.7135553;1.1540274;1.1092983;1.06418363;0.7524034;0.55105517;1.21846213;0.508875558;0.37619854;0.94781445;0.91688564;0.72916971;0.9622809;0.73816525;0.91688564;0.83001511;0.74410847;1.21234734;0.6117227;0.93541778;0.99812108
1.63669;1.24521394;1.5027668;1.26786606;1.24451371;2.4665432;1.05752911;4.1506733;1.08761184;6.2956988;3.903192;3.5589206;2.3293546;1.36884605;1.94823545;1.05967785;2.36374187;1.12212264;2.4062414;2.1011987;2.2214512;1.77352615;3.2798511;11.264581;0.7623537;1.82318634;2.3366198;3.54649966;3.00608218;2.1208336;3.1038776;1.3712557;0.9916715;1.23446731;3.0261342;1.02006659;1.48105057;9.395140128;5.75346733;1.33462524;3.07669726;3.73890462;1.0333258;1.38780824;3.07669726;1.34781508;0.97791427;1.09688429;1.00808045;1.25410981;1.71445161
1.21059835;1.29166642;0.81886853;1.18064818;0.96634246;0.9587591;1.35424596;1.1287118;0.89950427;0.8370206;1.0205616;0.9534987;0.8509593;1.1601758;1.10384738;1.19795827;1.16556276;1.31493391;1.1415276;0.8974203;1.0774939;1.3160789;1.1348694;0.28770423;1.03587493;1.82127345;1.0816696;1.11250524;1.15573161;1.0225267;0.9280784;0.9906084;0.9518184;1.13119033;0.9917693;1.2581429;1.2410406;0.656296973;0.7559483;1.02903897;0.7534404;1.09707917;0.9949973;1.16254756;0.7534404;1.13283964;0.96369515;0.92854008;1.26451804;1.01318954;0.85388065
1.153095;1.22957445;0.88886875;1.19293836;1.06976003;0.8291278;1.02539409;0.9738118;1.12641335;0.6952836;0.7442993;0.854935;0.7048954;1.18501574;1.06910057;1.2658252;0.95697935;1.38904629;0.9676549;0.8479863;0.9483103;1.23385395;1.0191867;0.26211661;1.18488879;1.3256388;0.9902993;1.00898099;1.10223416;0.9063067;0.8912535;1.0209274;0.9777033;1.08151008;0.8776332;1.17975777;1.05960781;0.44126812;0.37788133;1.05364824;0.63327385;0.80975024;1.00173;1.18595865;0.63327385;1.19446788;1.10386527;1.11631029;1.47322887;1.04563658;0.94704776
1.2185272;1.24840014;1.26293868;1.3622894;1.2790808;1.4391053;1.17668463;1.3947038;1.12902571;1.6244963;1.3420103;1.2641521;1.227706;0.96962227;1.13512396;1.14018744;1.31673936;1.11357383;1.2311135;1.2695471;1.2662376;1.01503778;1.3415769;1.36666385;0.96920481;1.01875049;1.0434019;1.43603909;1.46552155;1.3812844;1.0797375;1.3877929;1.2809532;1.16451485;1.231294;1.03291838;1.01704365;1.440504794;1.23154383;1.27402912;1.21770293;1.68542414;0.9383695;1.14613885;1.21770293;0.89823431;0.96142867;1.15125613;0.94331664;1.050468;1.22952125
1.28119751;1.69453709;0.73145415;0.72678236;0.75504211;0.7090393;1.33304575;1.3672286;1.05723142;0.9574705;1.6373192;1.3009156;1.080231;0.80444555;0.60521187;1.14341623;0.86017154;1.22041389;1.0622913;0.72127;0.8984011;0.8853442;0.8626901;1.42779085;1.12841812;1.11868237;1.0627569;0.91940208;1.29775865;0.7181815;0.9688191;0.9686033;1.1022914;0.80935878;0.978596;1.69532665;0.9227182;1.096939574;1.06241947;0.72577114;1.23061379;0.80777718;0.9658372;0.97156413;1.23061379;1.37483968;1.87884562;1.02835757;1.20708357;1.17003703;1.13569712
1.14111218;1.5691689;0.86542737;0.88724967;0.97439636;0.7398879;1.55231322;0.9488683;1.00673453;0.9076744;1.0447381;1.025053;0.8812031;0.8507705;0.72687052;1.05522285;0.57251176;1.19952835;0.8113574;0.7616923;0.683146;0.90560625;0.4506103;0.57543558;1.10336652;0.85723588;0.8340549;0.57536701;0.88191723;0.6928434;0.8437442;0.7472169;0.9823086;1.09160222;0.6789575;1.49456673;0.45010185;0.584818277;0.78684172;0.72481702;0.70459676;0.63384566;1.1059822;1.00874523;0.70459676;1.22604063;1.6027338;1.16205266;1.54384664;0.87284924;1.0023953
0.30556565;0.20958917;0.13457251;0.35195794;0.09354112;0.4009498;6.27568167;0.4860206;0.02049759;0.1091462;0.1504337;0.2092651;0.7636927;0.15150091;0.11143057;0.34752868;0.08472156;0.19765082;0.3267821;0.1012873;0.1180826;0.1616359;0.2496865;0.07778664;0.30975065;0.65774864;0.2812138;0.04939463;0.24012719;0.2407999;1.4112357;0.199157;0.393916;0.12382976;0.7727362;0.40542291;4.07029259;0.1052193;0.63760919;0.36262348;1.09530239;0.11370096;0.8502077;0.20457652;1.09530239;1.40225366;0.27457071;0.21432038;0.25910232;0.4017952;0.20156541
1.43177527;1.47815491;1.39328717;1.11543216;1.21220766;1.74389;1.13550876;2.8823255;0.99953019;4.3963107;2.2920219;2.0121805;1.6325517;1.12184522;1.25856491;1.13776425;1.47159311;1.01599955;1.6716167;1.521223;1.8899394;1.96512152;2.1385712;5.80803398;0.70380877;1.17713851;1.3227192;3.14154322;1.82143944;1.6039901;1.8556044;1.236772;0.7821323;1.05459912;2.0239709;1.10948779;1.280188;6.117238474;3.38337069;1.37128134;1.8990908;2.59162227;0.9575797;1.3671033;1.8990908;1.24823193;0.94678964;0.74605866;0.92936344;1.13735396;1.24793326
11.94235866;18.19012283;25.70054116;1.99135654;0.84323105;0.8185058;1.88385695;14.0774717;0.80845693;0.6569256;1.3699994;1.0539779;0.8906322;2.56510402;1.14832691;2.11022677;6.0160105;1.06438524;1.0398476;0.6671252;0.3412548;7.89389847;0.6024059;7.68554634;0.45226153;2.77417582;0.5573051;0.1262585;3.73808562;6.7556497;0.5864006;1.0654821;0.275865;1.36965801;0.7999137;1.02064758;4.17652513;3.552126298;2.78045119;1.63032653;1.82817086;0.32417326;0.9848742;1.31736237;1.82817086;39.82784857;1.63547834;0.27268564;0.46948317;4.65223474;0.49515127
1.32764149;1.3189794;1.36778716;1.20771341;1.21169405;1.0581017;1.19900323;1.1786128;1.14863924;1.1824046;1.2547053;1.1815963;1.0434613;1.28557672;1.16863982;1.16390783;1.24338738;1.20796999;1.2701666;1.0378459;1.0803999;1.60982706;1.1509533;1.10252293;1.10559931;1.48069164;1.0513781;1.23562432;1.17934358;0.9737889;1.0574245;1.112133;1.021044;1.17776729;0.9812921;1.24832092;1.06915058;1.334691226;1.1857506;1.0408991;0.94907093;1.19419453;0.987916;1.34116528;0.94907093;1.42376302;0.97690825;1.04914659;1.30859091;1.12705815;1.17238059
1.14340009;0.60254187;1.26291983;1.29216712;0.98974858;1.2893395;0.94945911;1.2274448;1.36356258;1.4524556;0.8840048;1.1479343;1.250677;1.52620945;1.34276228;1.0323916;1.5456644;0.9247618;1.1837931;1.2538922;1.1057406;1.20321278;1.1397484;1.59095877;0.826754;1.01011149;0.9113378;1.22362708;1.13428735;0.9455033;0.8969717;1.0874398;1.1393199;1.23682622;1.3317854;0.53525588;1.45509479;1.522071886;1.00948932;1.40713889;1.24031333;1.00920508;1.1374463;1.1238584;1.24031333;0.90472928;0.87012114;1.05546563;0.80948399;1.12958081;0.96552332
0.80542073;1.20025295;0.39287594;0.77257099;0.53978052;0.7929237;1.22849342;1.0625931;0.90059618;1.5338377;1.0876608;0.6995465;1.0210568;1.38029729;0.60053538;0.9279601;0.86765667;2.39006845;0.6654874;0.6462571;1.2030083;1.9691774;1.3394297;0.6259958;0.54441795;0.95662388;0.9807642;1.8383457;0.55491947;0.4986956;1.1168754;0.600832;0.6643677;0.83939156;0.7198304;1.40291111;1.2254233;0.991604613;0.49581388;0.81412514;0.54322889;0.68177924;0.9367563;1.39026785;0.54322889;1.21763191;0.66572067;0.48195984;1.44914099;1.56959363;1.1764035
1.29228973;1.33909733;0.92680888;1.07343815;0.83264191;0.6475213;0.89655149;0.99925;1.05067429;0.6147982;0.625916;0.9701798;0.7099038;1.02637376;1.24669444;0.88501369;1.11278843;1.33993563;1.2300412;0.9906546;1.2936347;1.16734989;1.1210037;0.21305999;1.17969901;2.03482074;1.0934973;1.12937306;1.02917671;1.2305048;1.0001444;0.8454244;0.9593825;1.09818171;0.8811;0.97148167;1.23848327;0.54101412;0.42706369;0.84104398;0.59582126;0.70299889;0.9929694;1.07455951;0.59582126;1.27951453;1.17566825;0.97166471;1.43006074;1.07618355;0.85903945
0.88362144;0.74858939;1.01352236;1.2269254;0.81937762;0.7082611;1.79162451;0.5938587;1.000273;0.5320835;0.8416369;0.6390503;0.8858688;2.36338051;0.57384941;1.00273427;0.70696248;1.3498226;0.8427481;0.8688595;0.9447305;0.89889566;1.4924847;1.17477889;1.29895998;1.11764808;0.9029468;0.51700118;0.6581398;0.8898582;1.0140516;1.3473593;0.6273494;0.45065567;1.3691652;1.32716633;0.691147;0.55921709;0.53194746;0.7589601;0.4007738;0.91010783;1.163504;1.95846431;0.4007738;1.0839789;0.86714985;1.13995024;1.61433995;1.00524067;0.19270516
1.11342574;1.54786401;0.66834292;0.84968438;0.84506258;0.7257111;1.11418145;1.1719253;1.05996845;0.9356338;1.2330242;0.9056663;0.8766135;0.69760577;0.68320388;0.94291439;0.67288718;1.18329302;1.0088597;0.7316797;1.0177414;0.82944962;0.9404099;0.74376653;1.10268433;1.05621086;1.0226487;0.79247749;1.1847603;0.8121016;0.7476545;0.8664703;0.9680188;0.90434388;0.8004731;1.56001956;0.76013454;0.317819378;0.72324664;0.70831989;0.61593374;0.76028384;0.9281347;0.98034831;0.61593374;0.85287853;1.16692244;0.9393531;1.15097637;0.97942272;0.96610263
1.02369035;1.3733354;0.90667201;1.21661817;1.22477314;0.973124;1.65472406;1.1246829;1.11495839;1.1696143;1.2041047;1.1039759;1.0818967;0.82041176;1.24061131;0.99340216;1.01527511;1.32720427;0.99239;0.9186478;1.0257272;1.66371384;0.9706172;1.49738054;1.25635524;1.42595299;1.0351814;0.88787299;1.22234801;1.1721922;1.1312634;0.8339386;1.0619852;0.95957156;0.8777022;1.10517403;0.78093204;0.98945829;1.0146887;1.00973055;1.0446272;0.96993309;0.9697079;1.13171922;1.0446272;1.19236218;1.01942335;1.00218243;1.38862633;1.08167429;0.97608041
1.10197432;1.2573845;1.01749784;1.68064042;1.31854929;1.3724341;1.20861589;1.375552;1.20393004;1.0266269;1.5156993;1.5144308;1.2088447;1.3352141;1.47424439;1.30048275;1.14366494;1.28693008;1.107003;1.1373221;1.1417182;1.39401619;1.0454948;1.38555636;1.10632462;1.39701965;1.2308579;1.30689644;1.22387556;1.1818221;1.223148;1.0977691;1.1966359;1.25960338;1.4098349;1.20320957;1.17060929;1.328437354;1.27608637;1.26768448;1.18916677;1.265533;0.9901004;1.21880221;1.18916677;1.35547902;1.29554038;1.21120348;1.23184909;1.19202406;1.1271676
1.51404439;1.548093;0.50450537;1.00208974;0.71103314;0.8655915;1.22686505;1.7339063;1.05412326;0.833897;1.4338428;1.4966269;0.916619;0.5454818;0.80719871;1.49989415;0.52796135;1.22506322;1.0702343;0.7785447;0.9716153;0.66337839;0.6196388;0.81498769;0.85207987;1.18973099;0.8565919;0.56459221;1.12384708;0.5961145;0.6628486;0.5588649;0.7378593;0.87218748;0.8495332;1.98385609;0.66427933;0.470635975;0.64217232;0.66775512;0.42163724;0.80192959;1.0465197;1.41432742;0.42163724;0.87929938;2.222282;1.00756541;1.27847853;1.26252986;1.54572071
1.29802443;0.98502171;1.25280886;1.22547983;1.42496252;1.9044099;0.78419527;1.3128113;1.20238553;1.0074453;1.1832327;1.5684892;1.2154889;1.20993364;1.43576356;1.50895034;1.28663973;0.91819311;1.4523793;1.3646135;1.196641;1.69012856;1.3539865;1.17996868;1.00058401;0.94520102;1.4100047;1.247447;1.16242111;1.4913725;1.0655273;1.2139512;1.2016572;1.20275788;1.0678711;0.75255829;1.15469725;1.241358909;0.91960819;1.32363357;1.22601302;1.48892093;1.0455032;1.02035096;1.22601302;0.98000657;1.16286019;1.38926796;0.87000963;1.14977032;0.99931712
1.01705604;0.59075;1.21227994;1.48546585;0.9971016;1.4287905;0.84857529;0.908597;1.25195104;1.1182016;0.9958617;1.1641488;0.939005;1.39172732;1.49826937;1.13290435;1.68884029;0.98362539;0.9802839;1.4312803;1.1277225;0.83691681;1.1238823;1.40237771;0.92269366;1.06201792;0.9280319;1.30055073;1.01080234;1.0809107;0.9308009;1.3330784;1.3305975;1.40073703;1.3504313;0.63201334;1.12859336;1.079672695;0.74025544;1.29838697;1.06000985;0.98886375;1.0902993;1.06608406;1.06000985;0.84354894;0.79882919;1.14550294;0.74610545;1.10849665;1.09943442
0.98435652;1.75287011;0.8188328;0.70922957;0.60303024;0.5949358;1.42211607;1.290476;0.98664581;0.7809881;0.9578751;0.9973587;0.8011645;0.52822242;0.50382152;0.86188344;0.5628459;1.12395798;0.9395075;0.6385949;1.0908178;0.81036907;1.1726446;0.83010255;1.40059168;1.03454937;0.7763104;0.66336155;1.41968704;0.6380711;0.9249216;0.9258186;0.6052605;0.81354774;0.7749469;1.41230645;0.78113088;0.75585853;0.73033861;0.60385979;0.37687298;0.71612809;1.0356734;0.96440803;0.37687298;1.22851941;1.54193766;0.99433604;1.31591567;0.82075664;0.93489655
1.12360169;1.99129266;1.26509161;1.06645786;1.17289282;0.7034653;1.00630601;1.0778923;0.9910748;0.761391;1.017928;0.8312829;0.7262686;1.32266138;1.08302816;1.08589938;1.08719614;1.19370116;0.8516013;0.9030026;0.9091439;1.56765304;1.0060378;0.53396393;1.24181749;1.50126394;0.9073926;1.05206939;1.04357303;0.9603564;0.9378857;1.1357329;1.0443012;1.08022007;0.7308155;1.38881473;1.15244839;0.499446851;0.61337628;0.99721174;0.73580685;0.64143731;0.9429055;1.11457609;0.73580685;1.2547403;0.98028733;0.99462676;1.46770941;0.9522946;1.06738882
0.96022789;1.4872165;1.02886988;1.01225751;1.06871514;0.6563533;0.8435823;0.8691842;1.0436312;0.6944818;0.5728409;0.7057253;0.7067918;1.15935753;0.95303347;1.0732877;0.82246491;1.29258564;0.6340884;0.8595361;0.7950862;1.44886923;0.6068296;0.09620759;0.69181645;1.09104313;0.8771424;0.72686485;0.86504716;0.7986261;0.8134735;0.8458883;1.0440411;1.07808518;0.6940566;1.18906985;0.63009976;0.249352949;0.36207929;0.97246127;0.56611377;0.56554758;1.0010307;1.19123383;0.56611377;1.46088494;1.1114184;0.98084522;1.52218273;0.92320726;1.05242254
0.81181435;0.4683934;1.17221152;1.06859673;0.86255036;0.8447866;0.70994333;0.6665696;0.98815305;0.7128254;0.5359806;0.7499387;0.8533902;1.1217542;0.89503354;0.86419658;1.04161255;0.79590467;0.8290274;0.9573916;0.8817898;0.82311878;0.7135946;0.24007824;0.81478267;0.67654543;0.6420884;0.8552271;0.84402;0.8678098;0.7378952;1.0558794;1.0506699;0.98344324;0.8766751;0.40997418;0.93010403;0.818676644;0.4078354;0.96374373;0.8318012;0.64096769;1.0034811;0.90670809;0.8318012;0.70180243;0.73425762;0.89364832;0.72028648;0.79565532;0.64400851
1.53509801;1.25764341;1.26638416;1.18906573;1.34824214;1.6851496;1.16601928;1.9096042;1.27794136;1.6761668;1.5332981;1.6901793;1.5236466;1.32481846;1.76431302;1.48427638;1.63190212;1.24523146;1.6797025;1.6263799;1.6085115;1.49152151;1.7743992;2.11809272;1.12248171;1.21754413;1.5318387;1.98500198;2.09504605;1.5623871;1.337559;1.5561516;1.463476;1.53473064;2.0709227;1.17130169;1.79416907;2.365833174;1.77764808;1.31389469;4.33548566;2.67772118;1.0938421;1.5199759;4.33548566;1.15731951;1.18832661;1.21255324;1.12987375;1.14928905;0.91669232
1.30579287;1.15981103;1.2458729;1.28500465;1.66401221;1.5802344;1.38425459;2.8532951;1.1099457;2.9271548;2.619535;1.9545703;1.5493719;1.14664657;1.75751857;1.02158317;1.18246698;1.24849167;1.7127944;1.8932485;2.2720756;1.90252735;1.9564291;4.26110493;0.86083911;1.70217059;1.2739768;2.96108894;1.95136856;2.1442974;1.7476253;1.4243614;0.9912548;1.08875063;1.8698077;1.09772248;1.25514785;3.559832624;2.67138514;1.51790301;1.76248041;2.86970479;1.0887286;1.59309718;1.76248041;1.09230789;0.88862168;0.94248055;0.99752929;1.38091335;1.43408104
0.82363383;0.3703031;0.91498765;1.06502686;0.92085559;0.8306058;0.65890895;0.6548828;1.03466408;0.8702499;0.5117442;0.7157446;0.9310557;1.32273041;0.99031578;0.75286722;1.06717209;0.86947505;0.9220013;1.0356688;0.9034656;0.82636147;0.8089579;0.55572626;0.77214679;0.79297148;0.7787796;1.04043604;0.83527261;0.9964551;0.6923115;1.1543746;1.1301657;1.0948897;0.9472409;0.42391555;0.92404452;0.86906889;0.52645462;1.03142736;0.90413604;0.69417928;1.0097547;0.91955408;0.90413604;0.6644533;0.72282154;1.00141222;0.72012798;0.91685382;0.78573274
11.42880256;26.78970335;10.52565869;3.87572758;1.93593262;0.7634693;3.30244923;17.3898764;0.95851484;1.0626565;1.9726403;1.0708956;1.0572183;2.94630548;1.69994306;3.92636974;11.1899389;1.93689331;2.9682788;1.7932849;0.5994867;10.48474912;1.7045022;9.02897025;0.76817235;4.99755442;0.6209462;0.37652042;6.6067515;23.2925088;1.5543155;1.3084265;0.6247474;1.86298886;2.1929928;1.51527277;11.86811292;11.14193075;6.55586221;1.251865;4.13242839;1.04863751;0.853093;0.92845634;4.13242839;47.11643094;1.1823436;0.16971153;0.23001834;14.0341754;0.30299067
0.93494051;0.77548231;1.25031894;1.21609062;1.21245653;1.2090747;0.8798912;1.1238866;1.00925129;1.2166057;1.0604908;0.8252399;1.0204588;1.26958112;0.97693351;1.07203275;0.96548961;0.92189817;0.8438017;1.6028744;1.1211485;0.94573607;0.7806385;1.11647207;0.92618444;0.76323948;1.0230522;1.45461607;0.75608068;1.0318871;1.115779;1.1226594;1.0374693;0.73990059;1.1125404;0.71024598;0.96892013;1.717069368;0.91327099;1.43738781;1.14278877;1.53796765;1.0026984;1.0160169;1.14278877;1.11189944;0.63655277;1.21391508;0.80166618;1.32840972;1.62068384
1.18722406;0.75354736;0.870376;1.38923957;1.27314614;1.2541339;0.90089215;1.3143039;1.53539842;0.7433601;0.9659073;1.0505907;0.9298911;0.93889191;1.35304135;1.23766556;0.73658703;1.10902133;0.8755378;1.3306597;0.8062593;1.41347389;0.5671241;0.64050502;0.79528867;1.14205503;1.1453425;0.74264817;1.02787026;1.0377594;0.8688898;0.6571873;1.3562614;1.39704556;0.973355;0.88989818;0.81097556;0.924465847;0.83218126;1.05811009;1.38694992;1.16118433;1.0562011;1.18719098;1.38694992;1.04919344;0.97679995;1.05248711;0.91942684;0.8703048;1.04125537
0.98781234;0.76804791;1.18075743;1.2301877;1.05424576;1.2315701;0.87138794;0.9044415;1.17998562;1.0696494;0.8332098;1.0056751;0.9454029;1.41560346;1.35713466;1.03324929;1.32132351;1.1087573;1.0724292;1.157864;1.1529131;1.19060211;1.2694741;0.89630435;1.02751337;1.18626688;1.0700281;1.20169395;1.06405963;1.1375247;0.9095194;1.2128316;1.2905782;1.14385464;1.0025632;0.64395199;1.09976247;0.918500046;0.76416699;1.18811938;0.88530069;1.12276921;1.0278437;1.13947797;0.88530069;0.79472757;0.84646435;1.23971461;0.87100579;1.03897516;1.02000321
0.39760533;0.50209788;0.27006277;0.29024682;0.25291707;0.6182803;7.07600911;1.0249573;0.118992;0.2775013;0.3581033;0.4068069;1.2318595;0.27245449;0.25916906;0.55085963;0.31396156;0.66074563;0.4104735;0.3587685;0.3379904;0.17657275;0.2534197;0.62225845;0.3616034;0.7263315;0.4681904;0.24949358;0.24126421;0.6078228;1.8044536;0.2465125;0.3712173;0.39675654;0.8119187;0.85561586;0.23253885;0.247482531;3.92934227;0.33345407;1.43794664;0.51427118;0.9296983;0.21860578;1.43794664;1.68451231;0.32529298;0.36862795;0.60475399;0.22158642;0.22498296
1.3521827;1.60812943;0.8657603;1.15823932;1.27492822;1.9322141;1.38639247;2.2791577;1.06111864;3.3698469;2.5272793;1.9395288;1.8526975;1.14417225;1.91725305;1.18152643;1.51570301;1.03091156;1.590272;1.5692603;1.6959737;1.90172682;1.3492479;3.19298075;1.01174518;1.30768889;1.9045885;1.80416728;1.7998993;1.5348458;1.7687499;0.9046753;1.1691272;1.14006824;1.6961097;1.26654169;1.56390048;3.382405707;2.48389227;1.21724774;1.96309133;2.36359089;0.9466086;1.52709791;1.96309133;1.21538722;0.98865937;1.38830182;0.88458152;1.14115018;1.18778967
