F1.126,F1.127C,F1.127N,F1.128C,F1.128N,F1.129C,F1.129N,F1.130C,F1.130N,F1.131C,F1.131N,F1.132C,F1.132N,F1.133C,F1.133N,F1.134C,F10.126,F10.127C,F10.127N,F10.128C,F10.128N,F10.129C,F10.129N,F10.130C,F10.130N,F10.131C,F10.131N,F10.132C,F10.132N,F10.133C,F10.133N,F10.134C,F11.126,F11.127C,F11.127N,F11.128C,F11.128N,F11.129C,F11.129N,F11.130C,F11.130N,F11.131C,F11.131N,F11.132C,F11.132N,F11.133C,F11.133N,F11.134C
1.192152301481412,1.7592702125891992,1.5411557476510211,0.9345076737737299,1.4182989121393899,1.2347138756342002,1.5725318341747931,1.2683123257482525,1.2574327944974866,1.3157262955632634,1.6424648409718035,1.3690250638070263,1.143247411400152,1.0523926525265006,1.1124560794097746,1.393572704003617,1.2565361165164104,0.9425542076847737,0.871188659954474,0.9974513922538113,0.9333140131994999,1.3214200628716866,0.870119527365754,1.4927064501451037,0.8575168580102152,1.3293555667995198,0.9017752364068753,1.1872010768653536,1.10284014791929,1.2451147524224135,0.9917272402276006,1.0430588953170468,0.8159368349091859,1.55643582570688,0.9551057822538052,0.6670080324358041,1.1039039170256124,0.7727208749191344,0.9570187734696999,0.8024048285621974,1.0638234180418609,0.8815964362191356,0.7005258874491401,1.3307402139446722,1.552011015965108,0.9947330685521966,1.4010781435286568,1.1628440335027836
0.8991331131001201,0.9612453531006554,0.9569810042035976,0.8967646502993619,0.8333241431769542,1.1867928523583575,1.0124204211117707,1.0979333696345814,0.8862846281924536,1.2980126805453454,0.8767862596890211,0.8922620468471426,1.0046157038011276,0.8911997207884342,1.0507373245604616,1.0207326312375289,1.0092713021698991,0.9126664552425432,1.0658869441898613,1.18884260304826,0.9362615150611004,1.101041625366287,1.06133658567657,1.0501392475808966,0.8801262004521891,1.2419307572607068,0.8933730246330412,1.274149287106026,0.9658726382101223,1.019772964381966,0.9670833094951018,1.0028337388666464,1.1603961727353347,0.9400660009312745,1.158393452846508,1.0,0.9481736012706525,0.7958406757621799,0.9623303613438844,0.9222552332507443,0.9441531637834151,0.8864894195861898,0.9782049882539682,0.9607742607505103,0.9906077934207113,0.821529416008679,0.8830044201387001,1.2637543113714895
1.4082625615134217,1.141150010024835,1.173512624176116,0.9975034294141847,0.9917484049704713,0.8563867098604162,1.1954311479954995,1.8033436206215543,1.1887361566207755,1.3364480547075344,1.4578313836241275,1.1425207430091602,0.943005607769666,0.8536660946384106,0.9335241410047947,1.0557741481030423,1.212432777325618,0.9716218152800682,0.945492544114554,1.0805874277046266,0.6847988998513743,1.0366115121064017,0.578693464442246,1.254072717881079,1.0465785493763642,0.9900289150615462,0.8488894459125431,1.2952845709527547,0.8961256837739544,1.0039077187349899,0.8816825527122297,0.9818562173836545,0.63184966445978,1.0,0.8218005398156566,0.3362801147271373,0.6539144535695378,0.4942146742806427,0.8792460694684032,0.536611756944745,0.6484135737059953,0.8099529736420249,0.4606566213970579,0.7142819163181865,0.9382596088006403,0.6756136852417047,0.7599725181093892,0.798066942867178
1.224745082173151,1.204705265579638,1.0256835475415593,1.1357710112575576,1.2053130410724278,1.1964522671807738,1.7166771191412604,1.5338683174578176,1.2297202003911192,1.150575918295971,1.3195674185059043,1.4543934960050955,1.3769390978839324,0.9296777741708468,0.6824946833778138,1.1499621295790896,0.884244365562191,0.8233843620177166,0.7553090767013085,0.8849418049039119,0.8230041542857174,0.8309328583914776,0.7140081970535801,1.2186208730273402,0.8700408644928899,1.0084338996028575,0.8783418938927078,0.8411467686068914,0.903491023733248,0.7483916981940044,0.7721156811665386,0.9060628802614338,0.9074215813313674,1.0307495131942697,0.7547869509284625,0.6711944033994778,0.8095582317418913,0.7153991745478891,1.0869344041603277,0.7909043901032777,0.8444270257243781,1.0012734584480472,0.7731541749892593,0.7215461483219037,1.1539689612088477,0.6569876277597503,0.9245967514346076,0.9110201581591665
1.1486020641395893,0.7105129240189108,1.0337325327511304,0.9067266381504681,1.1041478589599578,1.1560085156661606,0.8226502275689226,0.9678012428654013,0.6737956616150266,0.7432666852806779,0.9900939114982992,0.9128563464423355,0.7378707434851385,0.8031432707752382,1.0800414339709288,0.9761072570843524,0.5326477626836903,0.9522885933740477,0.6903193862827545,0.845801605116751,0.735257877138875,0.7604314507530245,0.5364067137470716,1.074502414440455,0.6050380900892478,0.8590124548064046,0.8685861123460901,0.7964364210100783,0.9097568165374403,0.8601676365368099,0.8461143627678626,0.544125064694248,1.1164616033470496,1.295720130223247,1.5030788751236954,0.9536500153779186,1.030603023035567,1.0,1.113579401972792,1.788635245675986,1.0259650457447167,1.0258185726774902,0.6827406091676168,1.2969496187215377,1.096565705671211,1.1611553014510232,0.9836265615173478,0.9375951731545408
0.6961184122332347,0.24155371559941713,1.2145527056695284,1.1333375961242171,0.7881551091824511,0.8662093678209289,0.6244928981957275,0.5296348899958773,0.9651581155858264,0.4620141450480524,0.3454644122567946,0.7635385604047372,0.5374364087198462,1.123874784840852,1.3817670281183372,0.7401859151423521,0.8334848774527484,0.5402951616167516,1.0813271894956389,0.5888263605653659,0.6460956171624697,0.49469535113418317,0.042797200610131134,0.6280590491941944,0.4610705425641453,0.8797682897070256,1.0174187181907992,0.60525746946244,0.7092875754368577,0.5845726973263512,0.8228886422039275,0.9687200510042487,1.0347567143392957,0.28612628035631493,1.026513780361124,0.7845891798215218,0.3799602605302212,1.7857064941510827,0.6663515207714314,0.8828631891577924,0.8392934403954544,0.6138365748578438,1.0488205951276925,0.5927023488341094,0.8061680694378003,0.8426053735561393,0.37158976700496144,0.796057203739544
1.000235342190452,0.6549074732722309,1.0302344924774565,0.8988105443127375,1.3790294896938027,0.7377834679749778,1.3858947634533698,0.8329496592995673,0.8706708230037914,0.8663051007112684,1.3331972371098375,1.529654623894255,0.7737664744402659,3.275950973644716,0.6082264280449912,0.8193126687260411,1.7693840287186773,1.6770950727841851,1.6708728750310013,2.367377208095306,0.7789036937742045,0.9910960962345691,2.0513895556907835,1.9190407207326503,1.0063723604446748,1.5305280752455666,0.7387094908651295,0.9542356640138376,2.5041695067482532,3.005821032977502,1.5756003560816183,1.4001094520094954,4.438254185575131,8.70891806718169,5.063901294664274,0.18967491545130052,6.687586401861959,4.235038101579004,6.30215678856502,5.611206833140751,5.634477400319867,5.805485868526758,1.955867490863111,7.826087769176015,8.858246469039715,5.128128213554838,7.696573327619987,6.9791108845696375
2.6783317186606483,5.872551117314368,1.3893094292997594,3.4332552546342816,3.5240237968492645,3.1542150435976697,6.266674435675836,3.4360457585739708,1.4556803287904287,0.45664587423115227,2.400837263218599,5.047563674214826,2.201115579613585,0.35084287085874133,1.0277602928477294,4.68538777153279,0.3605282341583401,0.49850380837392055,0.12060741796661392,0.4483188708774438,0.05726803261510834,0.5428685189332499,0.10648127769738053,0.5306284413444403,0.3381411473868304,0.16464711499581755,0.07675618532242366,0.18439300296520236,1.1190119772173066,0.12488419547811629,0.9516718842431571,0.19074582900941403,1.6210292034762133,1.1061681663325036,0.14256742187930702,0.029241571708626943,0.7669493845398383,0.10583833833186312,1.1560191470553687,0.6536025738983661,0.6689406161126898,1.0649136552987013,0.30434136549576735,0.11665640253663234,2.1339537153788206,0.22726204606684952,0.04877773743367853,0.6404948911252618
1.0020307519732161,0.8554524308323888,0.8996244726160867,1.257884267956579,1.0733004727099926,1.0014784272650623,0.7870835086048835,0.6939365446557745,1.021741545771895,0.6113695560170569,0.7605886538896336,0.8856883359405355,0.7758574886829354,1.0272799526266345,1.1114135622823824,1.109382561056239,1.0537715924190276,0.7206069483446982,0.898147349465404,0.7521555121618995,1.1418853751107638,0.532718079361109,0.2978294388737067,0.9614534209041914,0.9433152862361184,0.8121484258387537,0.7507766974616765,0.8529257382407844,0.7853118131611073,0.8958906234537979,0.7526690844274484,0.9992585864402547,0.9311112128554234,0.9672253392093542,0.74685975593528,0.39530948849572445,0.7332869397269188,1.0378408350831707,1.19141845817807,0.8201779387263263,0.9312907234576046,1.097523158263038,0.7988560207118615,1.1948767426080071,0.9559640693270509,1.1344620772266527,1.2676433142096992,1.0
1.3621967324428244,2.2684064786430223,1.6480638883414114,1.0923430832333596,1.7232828606335082,1.5772679096450344,4.269920871024187,1.9685906956038022,1.4836125221793293,1.4471292473066681,1.7932812298386627,1.943491524759351,1.7053407878112607,1.0588741664653831,0.9357522526280018,1.786550040486987,1.407323025804767,0.8621744018915762,1.012915378586259,1.2132760508080345,1.0295322117890275,1.026936528079825,0.3762057031188593,1.9291950428670706,1.1581052170167527,1.4578817527338992,0.8520235701116529,1.3249981917793625,1.0613543064595374,1.5916257569752252,1.1517620522529048,1.5361954749887188,0.7483535181909394,1.3406285663763597,0.7221734954434771,0.24199544481989108,1.008625465270779,0.6767200200785636,0.770550323507301,0.6959188912084596,1.1964877552295765,0.7098235039514054,0.866431202194558,1.4759878797704622,1.5883764006415697,1.1308733942713733,1.3395190898941003,1.0557653324805871
0.7956744742940458,0.5061773060001381,0.8083318929683687,0.7906950861022806,0.6354263327920713,0.9489554226113349,1.799959634415063,0.8919610686414629,0.6578540984620209,0.7047615144182188,0.674358975694645,0.7388152404095628,1.0327122134681455,0.8292460695210103,0.975108072007007,0.7920831696854888,0.7886345340042993,0.9372958595805847,0.8526832375773175,0.8704275894956196,0.7613531955914733,1.0463922894170874,0.7849529697444251,0.9035176063638088,0.9521192708435016,0.755232698344565,0.9368878227870441,0.6839300985935651,0.959072122267125,0.943164650573665,0.8924749916231217,0.8554585099101456,1.4187586623764028,1.2750016772613055,1.4853354763607467,1.2407210180407187,2.641346294863205,1.1515658237574857,1.393194079099161,1.5646645855931494,1.2427109235558924,1.2833969083411172,1.685953663383609,1.1905277129210339,1.0072235358019734,1.0736556661715049,1.1134059907201943,1.0931724868597978
0.9156028867234854,0.4675334783774372,0.8574908982189468,0.8392886722290084,0.8473944642959663,0.7496128527690094,0.8304751847188834,0.5404249848142003,1.0578179455830863,0.5545448690606797,0.5154075617639048,0.5494768191676124,0.6255016392537929,0.9306332585364296,1.0620004474311315,0.6834226777911849,1.2059355363431365,0.9389947397431399,0.8030672845125071,0.7161457252732362,0.7855352329679223,0.7257130522160463,0.2292420717621333,1.0496481692268655,1.715375434301613,0.8821193609254969,0.8163081167188252,0.6319270408002214,0.8010327321292944,1.0579028310279952,0.7616388255674474,1.2551943878594383,0.8608385598239355,0.7067147262840796,1.040341050196281,0.5955623450120514,0.8904849225281914,1.2366860189293334,1.0160227321882367,1.1418696606328484,0.9532040557689937,0.9359503122047564,1.249867980197311,1.4112724089791644,0.7946415772674814,1.3355265468418458,0.9743424252895603,0.9949131398629729
1.043188286666585,1.1514580006106045,0.9446760570940971,0.9941738011802024,0.8446401735469693,1.0288126414582257,1.2694680399791416,1.3457186703130586,0.9393645835135336,1.4271557429597557,1.185315446543832,1.094108123905925,1.1071770898955366,0.7913026945091058,0.8130504002386968,1.0,1.2279714712447627,1.1511394465170146,1.0878577224633832,1.212890733269651,0.9505327674808234,1.231558092523285,1.5898095404503065,1.2988920483890727,1.272965777342926,1.0353719337835046,1.2796090485465794,1.6641601897636025,0.9967826358907879,1.1051573696643655,1.1807122904126799,0.7380964484767047,0.8436575793411155,1.023971516589784,0.7786287727924299,1.127687695535168,0.8245260029964879,0.6376623339941414,1.0,0.898115635753122,0.7807308744988865,0.921190326311867,0.3969165157962211,0.7339972620538845,0.9870396215261337,0.7537386053700103,0.7821281403556872,0.7993777772210288
1.3108649393062966,1.6826181415547867,0.8495820099154757,1.0564902213695362,1.177292351702632,0.9931326412937479,1.5900949826888646,1.618714978897568,1.4830468730047714,1.026835185595853,1.413849333157198,1.345513810114196,1.934746035651416,0.694671337469983,1.0788559160603788,1.227740704406109,1.2521818476221285,1.0783027818262267,0.9831933240504704,1.2541648174338969,0.7220672099931698,1.0539854903325998,0.9484359582222801,1.2891886956643668,1.1428151032485616,1.327057758364391,1.2000686894511448,1.1467637882926516,1.0460923980450045,1.1806046206492051,1.2711739225985006,0.92041256104174,0.840734728715971,1.2315982762476738,0.9829890600413658,0.47387136248938383,0.42393587977332164,0.5965274880638349,1.3371739045139281,0.6943443145977377,0.9220347327436905,1.2317916654348988,0.49546131597737064,0.915331711601876,1.209144624201761,0.78518436375693,1.1264131848357264,0.9353782490903865
1.4261897444837202,1.8765467359984322,1.3331302059309862,1.0711732480976441,1.187002130010998,1.2281460261115995,1.7533607530155249,1.3955794126082774,1.521003785752527,1.3125682917596135,1.7525493670105006,1.2624991034759585,1.2294115567243664,1.0430648257471242,0.9760163490145881,1.432749647369183,1.424279287833746,1.1622876076843378,1.0490209204676781,1.3500236205063754,0.9497169952321921,1.350632718910233,1.3079561118647642,1.5706794453304211,0.866297234589396,1.2074780126491726,1.293268515718086,1.8034033145432784,1.0385136442794056,1.3498698806320433,1.4044494801292249,1.1770371230719539,0.7388976436024884,1.240167115751555,0.7998725402660541,0.690652941615755,0.8591888013136432,0.5858806647355633,0.9980827429440079,0.7671933463618938,0.9543626755241968,0.9194241676588341,0.5469350923583506,1.0756659663777128,1.2934468523355478,1.0247279171680195,1.4349707579066195,0.9044766175598157
2.003865873864076,0.9795748617000575,1.0161484877211433,0.9544621458825157,1.1205262915631764,0.8300785082898514,3.0351783538811032,0.7742444356396561,0.8838542329933043,3.598276559922462,1.901027441234004,0.8783833356227043,1.3571817857733086,0.3235683041742965,0.6962705391166975,0.8440992037165455,0.86370383011686,1.6936963089207997,0.620520503027997,0.8175454918878982,0.4528654912764199,1.5108189904589193,0.9511901878169962,1.1978071442769826,0.7010538672565433,0.3390387246760125,0.2504303593349058,0.7850417100887538,1.100674737842112,1.0158117607152979,1.2501279957274123,0.8103318306027603,3.9934915931163286,10.059437323351782,1.906302536754523,1.5017836039702843,8.274122478170474,1.7840662974823214,4.818641136561139,5.437594324209218,4.803386354657052,4.438885600968541,3.3518813996336476,4.380968906920226,4.616250562477471,2.955857926803824,6.320901853366576,6.313656460704626
2.2093569866689027,1.21809515759211,0.6687823739319704,1.4893009614440926,1.2886325218387316,0.9052940214249925,1.1949255752273014,1.7893506090088815,2.1495781950248083,0.6001514319726908,0.9503337190987338,1.353888012063006,1.1634175575417676,1.2923438361500323,0.7487215722150011,1.5176222258574648,1.12013023502092,1.07950590120981,0.5438843363826676,0.520535007704501,0.37871288665546327,0.4175728197970448,0.37503511497768294,1.688677264357909,1.1634620952729404,0.8492729563931528,0.2832851574837928,0.45223466926580197,0.9049306727457418,1.0989036739196016,0.8773925812737957,0.9507191962407818,0.5375975390968631,1.187755101029966,0.4661827794474051,0.10489736626731468,0.973393744537292,0.617771203373421,1.0107258042605574,0.38805772636530456,0.940715354092057,0.9310708334386072,0.7003472102623415,1.305316528306896,1.719528931574843,1.5419855493050325,0.6824553054092184,0.7329935987599923
0.8453496308420028,1.0261539678629934,1.0689331207718475,0.8971261932343143,1.4087172301250865,1.0213379286898432,1.087102892056561,0.9812091766347103,1.2721640590899381,0.8943747173965876,1.2016264802895729,1.7162091496516385,0.8888018531318506,0.7805043639240655,1.0490864740973715,1.1669370480486527,1.6830049700094143,1.2536070705714715,1.240267064728855,1.8303109185009023,1.6084308571186057,1.8065950265876436,1.9448451844820682,3.364139751002453,1.315397393270398,1.8892074067982425,0.8474671477114908,1.005374820067128,2.0211912887448995,2.8501170541319447,1.6877494100588013,1.093024379788609,0.24827828904651722,0.40537038733059666,0.31638200537211325,0.1136685776028718,0.5181880020675951,0.24524439812102572,0.26686421126295357,0.3377681090137248,0.4006519933361757,0.24583272985427923,0.12951454439617943,0.5810766314559926,0.5565247683739923,0.2558253472887706,0.4847764724543234,0.3519439246447392
0.9862180884667036,1.0550594744328234,0.8581165847767834,0.9643537591504178,0.8991080708977683,0.7732423822723165,1.4324019673921762,0.8516329745020459,0.8592957496391379,0.82723279752727,0.7944824460308383,0.8878005756212483,0.9042923264435374,1.001326537230134,0.9578138496093628,0.8565619053078722,0.9593377304333388,0.8773884519067576,0.7797245383901457,0.8501104449116099,0.8254334332930192,0.8472122118336995,0.5242808978432763,1.0071279510868705,1.1680213331811342,0.8737552328866399,0.9719781581267964,0.766157226562048,0.8451416165825403,0.9331461321826052,0.8750738293704544,0.9884910059668893,0.9847948196853274,1.110586389565245,0.924042267445255,0.8268490308437504,1.0712841593516977,0.9079843962426561,1.3263381459221557,0.8398975644896823,1.1003963597634632,1.2218098694419075,0.9702962648473759,1.3426875341603426,1.246945479804811,1.1519283978829424,1.336734295830032,1.1561848920792448
0.9123471088945967,0.7691100972101548,1.141410634636116,1.0,1.1736686441803577,0.8456804914994935,0.7592093285861622,0.7829280446728526,0.8681538912819824,0.8773856082296468,0.6682762914973179,0.7996155489761733,0.800612932287464,1.359495563577401,1.3271326748616854,0.7611440146036409,0.7764580393821885,0.7266756548982006,0.9174090092933009,0.824752117670779,1.0330341073052323,0.8747589370997269,0.5227709457625054,0.6612136571770856,0.8032671892386859,0.8418223507187282,1.1713294201976314,0.9166534665877814,1.1245889299197966,0.7925215775426224,0.9718355647851282,0.8941121822130027,1.1795437962923556,0.7285828189390592,1.3685731750290329,1.0045997671142337,0.9492712920343526,1.2313447756106048,1.3382492425651815,1.3685092846206537,1.0020284917371192,1.2327822564452284,1.2294515549476714,1.0222313864030579,0.8144812164514794,1.0651616280006972,1.108253434962932,1.0480126997030195
1.1676871022956195,1.0,1.1127527762561749,1.5948752985437742,1.522628272217009,1.3886664951911354,1.0626097232484661,0.9755192202471493,1.4261492466575643,0.8915542559387692,0.8313961990931416,1.1044845499116718,1.0,1.2177910270472627,1.1635366322366436,1.26777800811314,0.846442814875031,0.6306321041626786,1.037898834354582,0.5248189850959893,1.088519367192303,0.39197454485746097,0.3309355143655483,0.6898849252696184,0.691383590371786,0.8531002436380821,0.8760470945736467,0.6346736388255524,0.8629477565308716,0.8117999055213312,0.7840359241456877,0.9156299728420094,0.9948787560114569,0.808844689227966,0.7352224476521945,1.077253187224109,0.7863352778080879,0.9522044624358339,0.9717007755063789,1.2406508819275892,0.8299649975388764,0.8951213544662155,0.9410892814827998,0.9655850650577026,0.83585065085624,0.8351193419201018,0.9290806909958896,0.872934686387237
1.02140558185563,1.3435198145295504,0.888743505106885,0.9571439339307882,1.0615688137558887,0.9043297785188829,1.7743799524148895,0.8617871716971525,1.3569512772438204,1.0463007937206654,1.0918480662482513,1.128431889481295,1.225614740757807,0.6213356191448987,0.7143406108512342,1.0699843712197838,1.3926556204439202,0.9628526310344507,0.9493847007491591,1.1939365582921597,0.9838240137127495,0.8056774405942839,0.9323458311569771,1.4807073123517485,1.0789093206388782,1.4253917201364168,0.9193932188513615,1.6056997313620367,1.0109977354344468,1.1153035586614066,1.0053230894558887,1.500705302995526,0.7117856249358213,1.1202959171486324,0.7025105372403548,0.35916821244767194,0.7271386316664917,0.6155672688615156,0.9300351629958481,0.6120576772402874,1.0594448881156984,0.8567393952816558,0.7298560814475863,1.0612556707622804,1.3434790760664792,0.8678544229595286,1.315183931512083,0.8720413950436636
1.6033819106996277,2.218195532049299,1.761644199325705,1.886510200400777,1.6207356619845539,1.5183539406135445,1.6610303746909707,1.3824755386591645,1.5202372215725648,0.9045579432482217,1.0868940421710636,1.3189918003797865,1.1312108568794392,1.7519050057076688,1.258191133447684,2.3342189937272826,1.0099066814092919,0.5503410379934981,0.6507436341210051,0.7143822963528231,1.2922942692687955,0.5288457557837275,0.19873156124055347,1.148106529462539,0.9402089781348364,0.9867817380969632,0.7061265985974122,0.7196202213138183,0.6323596052259219,0.5904246816423347,0.8466307027566669,1.0395879009248572,0.7647111123459942,1.080913963191787,0.7280229675987563,0.09409690986927681,0.3254336293598859,0.9191806400930141,0.8186314059261636,0.568264389142901,0.9090584673151771,0.7541153319542652,0.5475457085992593,1.0800046789781659,1.119573475805117,1.2182694463596908,1.3022541178752325,1.0008000421424068
0.520937782041743,0.16623055544132237,0.8780752908604899,0.8015316158147826,0.631084822680805,0.7872912246899256,0.5878858308587208,0.41822004123912276,0.6384781621686589,0.6593324409000636,0.42097793686989815,0.6315300011643111,0.6174870080084248,1.1715568998160844,1.1715828694303425,0.5324960398320252,0.6116361512747378,0.7259552981128204,1.2494880123058207,0.831944791784831,0.7369470721696602,0.5994313876119621,0.5302735561732593,0.7418230339854406,0.48577983506517913,0.9329128276159905,1.4163326801521898,0.6878929589141474,0.7677525355394568,0.6237050697536555,0.9718281463659179,0.8791320607681422,0.9131020185943844,0.26716493596996627,1.3816659743549666,1.054971695055622,0.6449063143994876,1.363297905250214,0.7127191868218952,0.726828376769151,0.8960263193309836,0.6565500202771901,0.8831627268062419,0.5593355750580801,0.6957069162996351,0.7468381739280442,0.38726854577083886,0.9182454149849233
1.0,1.3648464889474616,0.8787152825355894,0.792131187495887,0.7352165564029041,0.9247726498076211,0.8424891115167771,0.7590979049610211,1.0088291769343567,0.9498551988711739,1.2042054378784732,0.8706957524939807,0.7678723031715278,0.9388124973960517,0.7551732558422914,0.9327814595278138,1.6643884707919472,1.15257307214607,1.0,1.2544116270839198,1.116445029929339,1.1955959487900172,2.090110054581912,1.3487672424747186,1.2732142151610066,1.156882566805435,0.9196542258461097,1.98813740280184,1.0545974703264915,1.2644898211716247,1.3023858925542287,1.700753538366971,0.8034704857679503,0.9978609146211526,0.9119904928199501,0.773746526273347,0.9655907509907629,0.7174329828977819,0.8603321955446716,0.9434076497844012,0.8487985544794914,0.792529695950401,1.0028658772072312,0.9715806981449154,0.9793919752218496,0.8529012214353209,1.0863139225118752,0.8962548786008316
0.7832152775569179,0.3076970477379983,0.9702490045519666,1.3531194285414392,1.0221661248300709,1.2696521278151012,0.8098336808460391,0.5448558333806942,1.1012112835688863,0.5991215021779349,0.518781406271521,0.9162154236235514,0.9163156782367763,1.2730311424219007,1.405375136637301,0.9777835336871924,0.7462844144067002,0.6136598380621776,1.2794290487454754,0.6784560580812901,0.7537602809184413,0.44807544790278825,0.4102464672988905,0.6606321918333161,0.4756943128407863,0.7216316616067715,1.0,0.6249854972779082,0.7919674815115753,0.5688288472792111,0.7382545196846528,1.0992149107228932,1.1493879198737456,0.41012484939283345,0.9671111298132666,0.975569306017498,0.626346148001532,1.2561785647481014,1.115830567350745,1.0040805544907827,1.1232976578003633,0.9523634627584147,1.232379500083588,0.638941762463082,0.9545650505328622,1.0955368627373474,0.4931141063367858,0.8193325285595092
1.395295406274055,2.5218110770504345,1.4282210472030366,1.246206713211521,1.2673884652716458,1.0388351932237567,1.4927884496883483,1.4576441332868535,1.591681088224783,1.961490903672348,1.7376597471528412,1.1107561481922765,1.1894634185954125,1.0843012935451717,1.042676754699468,1.4706624538395927,1.3421473894082505,1.0071297792845875,0.771321142082173,1.0,0.8632092344012511,1.2834796712926546,1.4530403222310353,1.5798888361840944,1.0859176268897703,1.2139427152605888,0.8942402026637734,1.3085047036518165,0.8819054309229436,1.3304836810440481,1.1288199419893215,1.5526908363035932,0.7240195120840147,1.2649823544020464,0.5726973538374511,0.761188107856791,1.0377498321217984,0.6526292201394701,0.8513641058577442,0.7010965312385729,1.0,0.8695398390691168,0.9402894147783962,1.2556325106670843,1.0643630514207831,0.9482019514058336,1.189653223875466,0.9686425771639408
1.300957035280157,1.382684694492604,0.9537854833888114,1.13253104020409,0.7753486571825503,1.0386184308548587,0.8173789727497213,1.3997682220377783,1.186854317936205,1.238909997922648,1.3106839091167428,1.1483619486537322,1.1162363109827032,0.6721087428290883,0.8784082666025396,1.4167276014351642,1.2289047605441836,1.1672636553996656,0.6891370205642579,1.3710157683759332,1.0,1.491517011499662,1.5556119603741392,1.1579929820148986,0.8353892451750388,1.2026548554394656,1.177192726772502,2.9394678925252924,1.004013394828498,1.155076864614659,1.109881062284762,1.2560128256754999,0.8637104965894197,1.0863008127236253,0.7260152810100883,0.37904992663751463,0.4496074406207353,0.41157571790711983,0.41276450534935255,0.6388744100121715,0.8220770927921865,1.1513177235291991,0.45587791698736263,0.6091135372823668,1.144250359435609,0.5894278969053897,1.0755156705208566,0.835187026091123
0.8853829366038893,0.4222295328847494,0.9726226812783391,1.0649903976720292,0.9800313616523018,0.9846122849505358,0.6220843792428036,0.594989920615494,1.0714129024586523,1.0550829498672978,0.6132190259522552,0.7534455540406358,1.028855415122121,1.4244404328899265,1.2236114415489512,0.6946331923585244,0.5166708004705369,0.9552813448468014,1.0121979032225072,0.8177393106437694,0.8972164273787077,0.7347578955922833,1.3525945069107495,0.6653797724026616,0.8875478996766573,0.6238634958689125,0.7742140686791474,0.8276222879925808,0.955522924963679,0.7285185793918219,1.0650311455786188,0.7711802646676171,1.4104561631779255,0.6396808871837425,1.4670002037402128,1.867963535065781,1.1534855648257805,1.304370451570413,1.11809126811082,1.628765504998352,1.3849752914499411,1.2211584093289107,1.234876331909189,1.0,0.8633405913717166,1.4058086694377472,1.0459837904130347,1.2977451214068416
0.858900413539026,0.7932078883356679,0.7186635685967925,0.6438389408928366,0.7354894336369979,0.6975805456078155,0.7929901778721589,0.7419413314992568,0.7671435768590378,0.5535288999383454,0.4700925425337816,0.7101614532003302,0.8517116770411535,1.0,1.0893557067722,0.7450151430930259,1.1666679335192953,1.2804032017851912,0.8739321173490484,1.214118548743707,1.1572198724007192,1.243480675695468,0.42901253741511414,1.2916549428164175,1.799900111465518,1.046249679389192,1.1501077753237599,1.0921348679991114,1.0594453183128307,0.8258703002971745,1.2745914909971905,1.0573837562776598,0.8921869152436365,0.9714012049956052,1.8589584493790685,0.8096271873816402,0.7340623520302184,1.5044705237728524,0.7361862359597584,1.1529541300896977,1.1888272021473785,1.476765635122261,0.8130811719870381,0.8540874862460769,1.232128159040035,1.3415924624770337,1.2754230995917843,1.4533608450021247
1.9745855141876678,1.1495598408760017,0.8271453153451975,1.2055523840031135,1.3215857214780078,1.4562273538290877,4.986636881068729,1.5805405429246078,0.9427310584722285,1.483498176444716,1.7666996822024752,1.2077453505800475,1.6491477540122625,0.9941717096176919,1.0219650565229739,1.4413485068322347,1.24629023356693,1.4834916648131111,1.0900120429153126,0.9444630261305647,0.5556725290171092,0.7670301793524876,1.1956453150757034,1.7963854902829215,1.2080741005037718,1.4968136630445055,0.9753178051780189,1.0,1.1966811498580672,1.4581738687857628,1.2360375538020811,2.201638062648573,1.1474934404125932,1.656610187509939,0.7270511323615234,0.9126049318253217,2.2911816232409468,0.907582943557866,1.8141561916760196,1.3093443321470644,1.483950456815811,1.2432471989840608,2.0036455049617494,1.4732827314745582,1.4883459179249017,1.367167926170422,1.3542471029214487,1.1757077146575718
1.3902962555844185,1.3566732452182972,0.9300518394356778,1.1535551200681613,0.9928642711781083,1.2820742850314923,0.839660195144898,1.5576746299980468,1.1079783068258322,1.187837271664238,1.1765267699057114,1.1464370033305804,0.8754188913075402,0.8996267944238129,0.9131913124404185,1.280433963905057,0.7980193071467526,1.2032321575774412,0.819946000524491,1.0461520399857986,0.9081242687710903,1.1179914161949538,1.5274432963127127,0.9593272675777503,1.0899943294098446,0.9945039641758201,0.9774968048437592,0.9628740045740186,0.990905032986867,0.8669862965025394,0.8284897361940796,1.0491407142281697,0.6890212150799957,0.8018043531087785,0.5918248250740337,0.668229388580922,0.6987055949721594,0.5754276292450979,0.38813132018873575,0.8405349098407433,0.6330818842012451,0.8137901702688184,0.4286717861445919,0.5708555885372831,0.7800976630836577,0.6248509654859348,0.7082456037107352,0.7095336639655934
0.8855847304040679,1.7435610892184306,1.6347970262966285,1.039971898657833,0.9923657980795947,0.699728391793584,1.6779339724578408,1.2382363226620687,1.6137745912804373,0.9961755020569228,1.3549073292200617,0.8833775845825229,1.1777310677179416,0.7999755902414823,0.9876685612820336,1.069195095875419,1.3137812759201215,0.7122123916210338,1.003096496857542,1.124028660187658,0.778213648510973,0.8497944940605736,0.8050529544975186,1.6017717826742024,0.996978730666516,1.2242799180177535,0.7994732172358835,1.2083256572281567,0.729733200782001,1.15619976155296,0.9046774530186428,0.8282495554351779,1.0411404916270488,1.3822259707272815,1.366517280606824,0.5583014356054531,1.2008735174652245,0.8963714775026167,0.6127801699600232,0.670341779005949,1.1931916889626295,0.9490672697742315,0.676785294840458,1.5161075178632344,1.1596249437283896,1.0915978895210838,1.3518003921605022,0.8488988403394147
1.5132840879030867,2.283999958623813,1.6144569815900063,1.1234239881456767,1.8888245668735737,1.3785850360288332,2.297520857648321,1.268941864039295,1.3101296721434355,1.7235545310902154,1.8395112842925252,1.4080145913800433,1.609852604854398,1.3199191716065655,1.3806741406238225,1.5188915871822053,1.1896759163591168,1.0358379416775225,0.9367686863132203,0.9798580787931985,0.981019457733276,1.2073845805458607,0.7429523991107936,1.6964772433370146,1.0809947697608486,1.2608384367773433,0.7919312895370608,1.2462381005861112,1.1547684754060097,1.2124632107339235,0.9687457681321393,1.1625970918862507,0.6289566150719551,1.3804396731859028,0.7158631112348075,0.3212448464187839,0.9264497722111987,0.633677289899107,0.46122475318531,0.6249848207337686,1.003775629849444,0.8867828855051969,0.5093998563834102,1.2855841513674884,1.2520818703997678,0.9778759621333118,1.5419189305677004,1.1254866458585524
1.0656024120289036,0.9919820115792566,1.1416711388453382,1.0343319698278237,1.1183439453540978,1.69564676719276,1.0169897092768938,1.785799904736264,0.8045069440288635,3.4320468354849574,1.6946240586576677,1.596701083970594,1.4782045227646905,0.8865745513242788,1.2729026252018372,0.8982246791607019,0.8035052089260973,1.473342756613845,1.3621217455454826,1.6670080899054842,1.6189726691954702,1.8622049679135046,5.565398265190132,0.7895240760114324,0.969385079217152,1.1923700055354582,2.2454624904264118,1.3624065334251403,1.3056054202642404,1.3967052951024466,0.9764862703506102,0.8279997529921568,1.2296146726065214,0.6904445367336195,0.7903068386747476,4.824359297491142,2.7537571244452,1.002791634430612,0.9393994690857148,2.3164958554356785,0.6697585765095463,0.8952178407043175,1.0375201056189889,0.8951368724407103,0.6743764530488972,0.6511577032847566,0.7990251797142196,0.9084616662482152
2.411093064432642,1.2895814699519874,0.7537278276441945,1.586268934023069,1.4859637038229916,0.9217743467029591,0.9147275581997939,1.8090484734060839,2.3972975593978134,0.5752530224301241,0.8315178425751154,1.2468279128568693,1.1806373769385188,1.3624343238844683,0.6903789267731321,1.59278616921226,1.1518024838481882,0.9057616317674675,0.5082028448629183,0.37376167143454564,0.39760798198360336,0.3229203312378809,0.11992018770849557,1.644301364465914,1.0707201719494377,0.8118871523472473,0.14583658495932794,0.35460441396962733,0.7526126397754,1.0487301422649595,0.8856367264357453,0.9312803155988327,0.5336367278971175,1.2057140445195194,0.45972709251845056,0.12940207622338523,0.9114036739645838,0.6255598801937086,0.689412162151504,0.3917549068816442,1.0129264382834497,0.9259394497765897,0.7614215281456359,1.3167336468061053,1.7402437111884634,1.5876604887341519,0.7547485035112051,0.7524347796003312
1.5893399045579084,2.443587198409973,1.9525858895753117,1.4189348251194607,1.7894197426153877,1.5255295434123675,3.9807718079877725,2.574236629788371,1.6921522619557168,1.7756853880085093,1.7171912693173284,1.8959563685735252,2.1555649240833388,1.1668300277381547,1.073005605921787,1.745837078982971,1.4323874550472395,0.8041639990484198,1.0797272040702093,1.3554138710725858,1.0147092851100137,0.9569426012767438,0.3962648392904445,1.9749741114294852,0.8780441909056789,1.477177599379563,0.6482351173824155,1.5172435392668786,0.9769195616145759,1.1845160884109065,0.9742241531223068,1.3576621571413563,0.9067712373252341,1.3509171730991822,0.646989397268326,0.07710772359796919,1.5242455684715785,0.6165358506070223,0.7778217047426135,0.5786100376922029,1.1828005814141864,0.8869337820998939,0.8590654815280332,1.306583869063668,1.516229022386635,1.0,1.5697711889867987,1.102706013319203
0.7858809009249956,0.6729644130271448,0.8745168489732865,1.0105848582665693,0.8989797981442381,0.9321490458405804,0.7202764600293159,0.9025964684070993,0.7623252302917928,1.2400091204022758,0.7902076817762169,0.807572385735804,0.8114285290022516,0.8300670634757369,1.0340691625244245,0.6988587568650709,0.8859030845375739,0.9573731324004506,1.178955148494024,1.1991289634067421,1.341158853384325,1.0,1.97347302348693,0.8023927058774432,1.1437353575279674,0.9082246639300419,1.610155269123067,1.239454485220513,1.1964470495042,1.162572882588868,0.7739986643255714,0.9062924826136706,1.1604534456631896,0.7128037907206123,0.8907100730903676,2.2503999819964537,1.4201817509536134,1.1354542992579646,0.9054277252056384,1.4731007586355267,0.8024406350974178,0.9422169605442053,1.0,0.9329805877748055,0.6784857568814646,0.7701268177771311,0.8957692401655108,0.9087279799012676
1.1195632080042053,1.5865711578080275,1.1957906713869175,0.871512704541899,1.3760948939419921,1.1850445791278106,1.7532214301642597,1.4687405285690287,2.659468230699522,1.3928404047634675,2.2187213999210944,1.146827448100386,1.465882761249793,1.122639211952563,0.9584452117493598,1.4261630739933917,1.1369560852724638,0.8672128134340552,1.0383713991312693,0.9408395153740547,1.0423302393989626,0.9737518484878727,3.7289355884604762,1.224761192176765,0.9577263476650282,1.188357134145916,0.7958763638001195,2.013070023185688,1.0114839827236555,1.5060506651071959,0.9934499113598724,1.28803928816668,0.7014285587012332,1.0753067070033815,0.7419615388022934,0.9742340010480822,1.4490079339966775,0.6282632010203021,1.0286456464078328,0.849997395960376,1.1763647538030275,0.6895865716969067,1.1360880805524367,1.5705626921885623,1.3038360528981108,1.1110196426176204,1.6795287398991467,1.0613560299680675
1.4698006934203056,2.138006370069865,0.9734359413702035,1.185583879036585,1.3535970696736763,1.2965565698234403,3.723584672819756,1.6690502341278246,1.22279135899339,1.617775128132872,1.6216121233210425,1.6758912063519833,1.8146748282654193,0.8888581250309896,0.992841370181109,1.482403069312639,1.2437737715691504,1.0040751325627506,1.0869037209180905,1.1634252167374912,0.660590937009311,0.9296192895121254,1.0,1.1383748171500485,1.1926233408467315,1.1398717603294486,0.8680245470981576,1.1253366221969754,1.0793574455372916,1.2960236127154194,1.211487563416129,1.5924363261436578,0.8369066659843197,1.2164717697687508,0.605524102344455,0.3632887939421464,0.972167879287177,0.6505911395559216,0.7866930412769614,0.840252045396415,0.9579343460100284,0.9491608904698826,0.8688634325818658,1.0107312863802156,1.282741213346518,0.9492057095277284,0.9913989970242405,0.8886802200852104
1.624284452614026,1.9826803663040293,1.3505019129084073,1.170563432377788,1.3394295500157622,1.0690815770306747,2.0884636471267273,1.6227333734804077,1.5294432340496373,1.6502972117110595,1.7118936627818915,1.181515217840197,1.3214322303773818,1.0598939646758798,1.1222904980342394,1.2110104632627983,1.2256430928919462,1.255490941972148,0.9174454114350072,1.1426269695732396,0.8205351664495789,1.1964744827544622,1.138170461167718,1.5332776234545424,1.1952289248756705,1.1807203283433252,1.1503721876676696,1.3989547101216337,1.098554492214702,1.1068944738478939,1.2838136837629932,1.3745714661026338,0.8956147557639937,1.529673426578621,1.2262346075901227,0.7517001116777925,0.8050587424440137,0.9172870871998235,1.0347469673065477,0.999546008498966,1.1654950010822562,1.2798087982345876,1.1428266867700994,0.9675910763249036,1.3354811952777113,1.477274025332993,1.43534718075799,1.0167802320544082
1.2538359843642417,1.7053134631060778,1.0145349443273983,1.1553422593203277,1.214304710086405,1.1928877284986843,2.3009260459577363,1.851282779269072,1.2921488381906814,1.2664992421898273,1.8077531947522585,1.660404815539791,1.580700224258311,1.0194295902049852,1.0576021079358777,1.3510703778145539,1.270056561175181,1.053660110113818,0.9515100450776759,1.138220733355887,1.0374276779599425,1.384025461874151,1.013856408906875,1.5965514078126635,1.036420649236795,1.380727859740776,0.8311639969551804,1.3408049832412092,1.079511933687478,1.3136943285649878,1.2142678093778048,1.5042032667173746,0.7184472899796764,1.2137124187105501,0.6304156695893665,0.31215166318577675,0.8289264195430032,0.6159893253228328,0.6877911603904919,0.6668449488210967,0.8663110644885504,0.814033481835261,0.7596312121260508,1.0411762602268424,1.4395796112535773,0.797085759592633,1.1398037380377055,0.8748233176181797
0.7049986047682634,0.2955426377842916,1.1275369163401456,0.9842134141251396,0.793665067423479,1.0,0.5388750747532359,0.6286953308701372,0.7654530575176619,1.0,0.5199667206210546,0.6922452074964611,0.816015746591112,1.405111019998366,0.9139628274179677,0.689393321271,0.6965588655788951,0.8666501275110381,1.2636547270794518,0.862784589177074,0.8613421240883463,0.7358055449771749,0.764150019745991,0.7129867591005308,0.6103569209675519,0.6743055403147503,1.3149072139350433,0.7108325625270386,0.9108503740005678,0.811266278870582,1.2159896977750493,1.1135168543515266,1.1071615645457236,0.3325956432899287,1.1826574204480693,1.4847103480595063,0.8563644934078518,1.149857459155798,1.0045370651205496,1.1835707486093021,0.9636789522836129,0.7606291287392706,1.1094613486597198,0.6644986850473893,0.6379375165865315,0.9442699149215158,0.5330172341100956,0.9745598723950938
0.6536587552911428,0.2589428927233719,1.1594138686077857,1.0764752703001512,0.7819483622669133,0.7895917968714679,0.5082405220716637,0.5344092161196193,0.8155978767134099,0.8352389611622545,0.3895895701806624,0.5326110125300355,0.927908304322786,1.0895377718430606,1.0355908696013043,0.574815394446728,0.6817819295155225,0.8030014687910038,1.0348853015763524,1.0122634446785248,0.9645265185006734,0.8479980474080898,0.400891053235471,0.7839478089846619,0.6395916863559558,0.6589166614943048,1.0436559899432725,0.8946658679453712,1.0129483801679164,0.7502158056401529,1.0390756562399415,1.1153450588549647,1.9282628143512217,0.4467388067090483,1.6124757691566647,2.0226051185239453,1.022313769758283,1.7774469980162653,1.587229992599412,1.5686099178885518,1.6062086502283466,1.3671384254385943,1.7530167769480711,0.9468429222590201,0.8274580727850074,1.4748635488446808,1.032568845907628,1.3519261849242081
0.7986324365114382,0.6043614506263216,0.870858356122549,0.7923520465993333,0.8189018531400549,0.9464467322610911,0.6611828647457011,1.0,0.6880052331083603,1.82461807911865,1.0100811733476407,0.890685858330088,0.9193282976071122,0.8956388671702998,1.0,0.569895036452987,0.8279725666872421,1.202380714255143,1.1141760757824812,1.3930889947510814,1.3141515653413567,1.5837845717266517,3.7083180606077897,0.6324168805408608,1.0,1.0,1.7430496077293287,1.4368150082178577,1.3355389884933027,1.4142762175887376,0.980775405427755,0.7795996104663279,1.7068394681119419,0.7833864584925107,1.160425633441569,3.418104141484156,2.500892334355549,1.1172011261399848,1.0517898238397847,1.926657932025431,0.8847200743868855,1.1406096832281951,1.1616496762355106,1.091051460397837,0.7087607160365221,0.7240985842256409,1.038827291357952,1.1073264553211288
1.1411474347837367,1.316536826706517,0.8566535201518563,0.9128557034182135,0.9679581014363348,1.100354749449494,1.2979493555018622,1.2567899666832962,1.142497617159603,1.767085675312441,1.3550309118380686,1.190261196060499,1.2061823118545956,0.8807571260568816,0.9213961716879774,1.032194257653913,1.0692723086854274,1.321636381555124,1.012342179266352,1.4719003903490653,1.247867803132601,1.1856361718577588,2.1082296947920254,1.167601716491307,1.149198858936802,1.3373230217279342,1.3201591386456781,1.5652617968205098,1.1952719757505619,1.2415223379674165,1.2169284745612245,1.1891850534304165,0.7474925281464504,0.9596113492486111,0.7617824126474587,1.0586194237522837,0.8800772181259348,0.6014403910595937,0.6589790912566437,0.9494783078950247,0.7287241708308559,0.8005616840049983,0.7278097112687576,0.7630321751338949,0.8613636051602167,0.6989247755337048,0.9022331231790502,0.877673199898404
0.6835840032639446,0.3177609280726434,0.8830827412398388,0.97650868436592,0.823282588741473,1.0497326662722521,0.5763866812140501,0.6393890006243388,0.9302882935789475,0.7748789283103203,0.5664179444898312,0.7740233554316973,0.9319617387056252,0.9751954899788319,1.066120003673941,0.6713683380249681,0.7147666881875884,0.9684383773112877,1.243481639279665,0.9343139468370759,1.1234688127513377,0.9342731749607731,1.621817853387915,0.7538674763144028,0.7157191052996879,1.0000822384756645,1.2724658734851195,1.0279270959973916,1.0756099995423936,0.7978357924874687,0.9410413704049766,1.1714620918162009,1.5318971457203716,0.5380908129834674,1.55146087008308,1.8865915135164686,1.4925317615530895,1.5359839273436682,1.6281822885064299,1.6433639388190386,1.2309277357083535,1.2373628812689141,1.7982465559430947,0.8568200535351034,0.8264778006257244,1.226483122737753,0.8165403380934383,1.2040488309272719
1.2192574399363216,1.138240688786999,1.1804979295515914,1.2870482032130055,2.2285133456566935,1.4586410108818304,2.6145963142935176,1.0442635730205159,1.5661891364649185,1.065024441563037,1.9093068913025062,1.8255434697044597,2.0105340768006807,1.2227891098962638,1.3173140326237769,1.511939458639076,1.5686978492851567,1.7278397277043538,1.4270196581114174,1.3309612689480275,1.042544654484076,1.9974920940955474,2.0494608652033204,2.2776072352467844,1.5015978777417778,2.597340608954079,0.4226057276874216,1.1441460801190186,3.049314591678169,3.1948374576336542,1.592534192536308,1.4610249166732576,1.9027928239640302,3.731822141978598,2.04709202198922,1.2465284270424875,2.842079806708671,1.2571704749598016,0.9486691892411625,2.133965601606352,2.376713695679377,2.5058477566488846,1.047758051616658,3.1961268908080966,3.261872577338948,1.4836939854884506,3.3979577087071706,2.4819547071434656
0.8602697305511363,0.34598413696741404,1.4164195877603682,0.5347551305593912,0.48776869784756416,0.9131654350286933,0.745415371041842,1.4342517245864306,0.7333464141956882,1.8846377603776117,1.7280328087846413,0.9745128601759234,1.388053287644564,0.8830127301104558,0.8242874182364867,0.464677109651845,0.5829233149285776,1.2413411662404097,1.0597857145872913,1.3042321404322066,0.9675059891548187,0.2621919308395944,6.348175935993467,0.3741209815191117,0.6054249320328619,0.23182395946809017,2.3200893836086935,1.4783823024034475,0.780925717681008,1.0,0.6621628561841868,0.42577848534010243,0.6984661308223197,0.6889145958679828,1.0,2.6936037576230083,1.9042330527420237,0.5908467106020695,0.4594830080049442,0.20298516453437873,0.6738766531335352,0.7814640497869936,0.5074761852477928,0.4626547716046727,0.3556683860305333,0.6470441817142332,0.37186049357480516,0.8060031085854217
0.6737596250811831,0.2427884819770351,0.9168533750076477,0.9511616053582213,0.8127108395864096,0.7992125648530487,0.49390700573367874,0.3819641607072851,0.9610726849408935,0.7664007407907103,0.4010159384005438,0.5457041410101614,0.8774120185012926,1.2519241850979248,0.9531138232376846,0.5722674383688676,0.5169258648686698,0.7893842915533987,0.9461485774867047,0.7144312997915561,0.8105053574127904,0.5819481120029518,0.6203022208459891,0.6736067507257159,0.7530831896719123,0.5368412624826445,0.9498525834177453,0.7305674325671735,0.949009576751784,0.5500927810560077,0.848420231688367,0.9624579862216343,2.0053682413803617,0.5053373720293253,1.9350909938180794,2.301406987577314,1.1598490853627978,1.5049191036091414,1.6689284714307064,1.2472482743259703,1.983698456537992,1.658989995141436,1.8432486933749062,1.0514981593585317,0.8632179276910025,1.3528371573181306,1.293745065221325,1.336549629587482
0.8011518219070134,0.47612331541690345,0.959877485883412,0.7494362442687827,0.7479017083609563,0.9613934063927843,0.5481202794796708,0.8023208850852281,1.0,0.655126979133185,0.6757974518659025,0.7627394434197988,0.7240723897460782,1.1208101217846935,1.0735564484004068,0.77019048544165,0.7687664062164382,0.8865333504886928,0.9312288652943246,0.7694290941928671,0.9919353504318739,0.8414638713619957,0.9006714967722531,0.6751981143668749,0.7538788403792018,0.954415636582794,0.8854115928733525,0.7118174523868117,0.7487218356579852,0.7873058989617521,0.8341617686562065,0.8280022679172808,1.0524687130997308,0.7471977897610895,1.5843574913040295,1.5871624972323288,1.235027690643771,1.053041169564131,1.1127387668260702,1.0900581846231057,1.0401872457579444,1.2252432519344207,1.2289647598027198,0.9026070901766317,0.8756660182829369,1.1550062380258372,0.9064909368986152,1.1839506180216195
1.6389416964793204,1.2581471000520774,1.475316434218665,1.475731690945806,1.7811316078763362,1.3752063331624982,1.5645232475339412,0.9264650565119402,1.920228816373997,1.2549323712619496,1.1936214798871105,1.1404656893219016,1.2018295574379847,0.652244930082754,0.9535971309067081,1.3853329118576394,1.3709149267101788,1.1311954724379343,1.0100797647423903,1.6970771504774882,1.3109749915902862,2.0025265832156296,1.4521136781051736,2.844631659920314,1.1167951400310825,1.4225331402201864,0.6689071712072563,0.9006890221806207,1.6146132941263291,2.0718004172839306,1.651644112205677,0.8728119167221607,0.31532808872708556,0.47047245621308786,0.4058262769506054,0.26374900958939845,0.5702415527255336,0.2994457828352902,0.17219280001482423,0.43290237296383316,0.43632043159656553,0.4063962607887427,0.1901784043289775,0.5565797611537914,0.41896600452813293,0.3166485494432917,0.48731559498011917,0.38478373182474634
0.9331674583860957,1.4757367128991983,1.2456301157042649,1.2765726989267372,1.0,0.933106716918498,1.4908708126892778,0.8548927622371684,1.453559118399733,0.8492114083212757,1.1681087742517542,0.9909381387180729,0.8763955053868441,0.7186212798317385,0.8629842200900593,1.039334076829265,1.5889528381608877,0.8303253659579005,1.0867484486991783,1.1284720225749512,1.2350285342093184,0.8743068300548357,0.9464982646599986,2.0219686218819524,1.3194851327714643,1.2343222607051003,1.013824741412449,1.2444268806482268,0.9877581907732582,1.304011532108076,1.1979467322382513,2.3634149333492505,0.7577849770478418,1.2386905123608556,0.5638607597883124,0.37613792828624404,0.9896197077807669,0.6551199003836141,1.0332596789289081,0.7316822789534881,1.0995930185431755,1.1201769021549561,1.141184050548305,1.1073338569386018,1.1511093297598858,0.9768362474315524,1.3161392127401816,0.9900916091980368
2.813404376339002,1.4390669801379599,0.8665534497277486,1.8383169798210104,1.5837098177562687,0.9703433186509346,1.0225248737072323,1.9816245904368248,2.8700301269899424,0.6181213608525078,0.9685923538153274,1.3919737359755517,1.1739323487649687,1.5824603685865386,0.8154644467355824,1.7316810478936635,1.1623807446536119,0.9697231064735437,0.46042381821068895,0.398380284753654,0.40388504333672204,0.39221581742007233,0.3203925022596559,1.6731346882158589,1.015925509227443,0.7968682491388501,0.24402517952026864,0.4101630634692836,0.6724638884989929,0.9730184141370961,0.8141533800854808,0.9661135060595484,0.4733277062574586,1.1154615814453723,0.4357134726203591,0.18886746134633237,0.8398168738535122,0.6313562670284646,0.6724991296370082,0.42255540893354204,0.9659751448815804,0.921970655167506,0.7427419228677495,1.2404555770428944,1.6400229305545682,1.6384999768661401,0.7637004348372289,0.7108210930694008
6.678494556155676,3.5693280197259205,0.9581249582735615,1.2357288476389845,3.8994698829695333,2.667877551603597,4.569821119180412,2.30005758031816,4.656162486786564,2.386148772853026,2.4309028575790306,4.0895993855498975,5.445704571521753,0.906491372052442,2.208779180226156,2.845235204445804,0.9529766845511355,3.6370483218603518,0.5532875537851599,1.214704392796936,0.22896817541707362,1.0308908777912353,1.3660538840914511,0.42234246787949686,1.2117605569129057,1.8613738141137566,0.07107289283468471,0.1727750457961017,1.751782478300426,3.10422752477364,1.2019012616990201,0.3617051238269733,3.4384472252135696,7.6850944664806695,8.336287160842698,4.216402744685667,3.962770336748603,7.235222434414654,1.195687166340948,4.245280149008465,7.2550941195653404,3.744801279866279,1.3205771516101814,15.134268444914307,10.586930229180354,0.5364085026161175,8.195498346682253,7.687589896451997
1.2106001247896525,1.1062128503821587,1.0315328632862613,1.0035998061230986,0.9796020591660495,1.058465612421918,1.2410724168895906,1.165454397427357,1.0763742549379804,1.0319815513469948,0.9063674769431957,0.9066061209066458,0.8979477735748194,1.1508922221934452,1.135429674567747,1.0761887240923642,0.9917123920277667,1.0,0.8677709273202581,0.8665208731154809,1.092273280659817,1.130706595475007,0.5275983749036244,0.9322511183402096,1.0304207519919388,0.9039307268773221,1.0501979376867878,0.9236474830501715,0.9945959770604791,0.8991798838542242,1.0,1.0421147450369441,1.117500514204234,1.0785235657484296,1.0675567886191186,1.172913045972258,1.0633415114903837,0.9726321749270084,1.0259597251304466,1.1905678414333725,1.0742692571790613,1.1457043418129202,1.1331216137626374,1.0298740642477595,0.9797753927409774,0.9769121659596165,0.7498691838145326,1.1150031169666235
1.2928854395237213,1.3102730929546995,0.9334499345763683,1.1550863319179032,0.7318910561536379,0.7848833258519723,1.0,1.9174762230102884,1.369211061112307,1.4548159717325004,0.9251089657531123,1.0826025852191783,0.7683388855691088,0.6953318254009401,0.8942476393792516,1.300696947980245,1.3503627010681094,1.1559811153242059,0.8206797999533614,1.0930790859550643,1.0224672944875723,1.6691914268961656,1.2671886571333646,1.0,1.3992451385971507,0.9689488729611476,1.1426424788467067,1.4514659075934666,0.8001383241014542,0.8077896077941031,1.6035372602994011,0.7742003795097445,0.7492644632297164,0.742226578635337,1.0311700513789237,0.6533204003844248,0.7650033888435961,0.5223842346356582,0.25776358303114,0.9274091656294725,0.7331394530213459,0.9053095667602817,0.28468708860510916,0.4726347973606459,0.8892039583134487,0.8158906435604655,0.7134951343003244,0.739996414222863
1.0815635070272596,0.9665738937352931,0.6646681638797437,0.7847461153497008,0.5672998410305907,0.7755200068309086,0.5366003214131235,1.418664406085131,0.8425677180081589,0.9606420401606998,1.0371416758194192,0.8983837338646924,0.7487743159267324,0.5176642123240616,0.6871367398762773,1.174853705664289,1.3635074816975425,1.3528941288699827,1.0999746329161613,1.4448801823036266,1.0518507895408606,1.7270266489613713,1.6436634044499223,1.0324512058186028,1.1742788971395448,1.2817582051850163,1.3036785737556607,1.7274361841745103,0.9346088324712225,1.0932701715836608,1.2520452440923397,1.3747038653037194,0.8626517070277202,1.0552335912820459,0.8492791012643687,0.6211593014002517,0.5729707140254116,0.4291398196154314,0.4734410958941905,0.6365788526963407,0.8137416055333473,0.8766855070412136,0.5228922007956668,0.5907531563826225,1.0899307705188268,0.5947236220840736,1.0164474417079943,0.8108671681682581
0.7608998352105438,0.48246689724210595,1.123917095352206,1.0114510895453102,0.8060422209838228,0.9701263195747364,0.6105556714933528,0.6374135687979549,0.711609893678733,0.7587020539329999,0.5460988145174612,0.6946315218728327,0.6608486932557005,1.1696841377967457,1.0374026991787322,0.7291450913621331,0.8442915748639064,1.001766576114609,1.243568788006828,1.0073521610621796,1.1467909007099213,1.0463044951096765,0.4609412606443306,0.9008894769908745,0.6582617720210154,1.02918858499938,1.5538917953263736,0.8174554570715723,1.1195762482494678,0.9148088548764013,1.3805589197304995,1.1502742776173278,1.029154838835464,0.5712895231587192,1.0562914372577055,1.1127959446204705,0.7501327052791611,1.3094767768751558,0.7966562112095548,1.1816468291841795,0.8391061226972093,0.81211709157661,0.8798672594531168,0.7363615558041572,0.6828620874243371,0.8947814729482575,0.597571773243317,0.9351918014249785
0.9170682302226376,1.103436536860062,1.2562229310463013,0.9924162988721589,1.3090598363150538,0.9399227041578234,1.3911766022788763,1.0446697811608672,1.287111714995666,1.326450357163275,0.9982578816806618,1.5015524749262028,1.015435623393666,0.4770332990182223,0.9128882986573182,1.2843425659246759,2.0831266583784966,1.461702039282761,1.3565252134991308,2.2449846281482415,2.254435714025582,2.8551809741268426,2.266131198073622,4.795653694440137,1.67606559852446,2.3016533037669693,0.777268189035169,0.9674393005599766,2.4004079482601948,3.2915548737235474,2.3386960960252154,1.1143444694393863,0.2937596593851609,0.40415818855423247,0.4132740571638615,0.1823807976454631,0.44078528666869227,0.24916034484760521,0.12610416765274088,0.40951474996875353,0.39173892744105343,0.43148859109362364,0.1392757965569261,0.5177747232664128,0.5342172077473253,0.2821163919225816,0.4926175089822279,0.3926897016104886
1.2640438149425464,1.2247033375110061,0.881794518847438,0.9486813443453325,0.9038564793242124,0.8387370594360101,1.54490449178174,0.8967252508810917,1.385878416168744,1.4176585792358187,1.647062455681466,1.0294852771408125,1.1200273188210244,0.8906141735298595,0.9315002221622527,0.968013112692263,1.2264884180142592,1.0892095890660773,0.7636010902413864,0.8999032392114281,0.7311264810909799,1.1440137460959217,2.08123602991478,1.4099229435341687,1.0773112736034929,0.9653743057585792,0.7144543859765461,1.8502153058762396,0.8263703963101832,1.1147854602444576,1.0392082554152817,1.3840229291472745,1.0,1.5294496789684693,1.0053027972427224,1.0527130913779288,1.9451921226464344,0.7299718545992876,1.2084573591780892,0.91628695980143,1.071079220181543,0.956520542476115,1.3346811960100158,1.1277243791005012,1.3128473207775042,1.2919105311388315,1.3415933612748776,1.1133554952481295
0.7264449959463858,0.48537362301194004,0.8213596697092614,0.7366075552405617,0.7440654153794422,0.9405097146656679,0.5291926704533662,0.7900204013153096,0.6660992442907289,0.9894005502036906,0.6609057696375055,0.7615342374607307,0.6829774981484781,0.8333879389261607,0.9665812139329064,0.6494577774430081,0.7321817934782969,1.0623119045973202,1.0067897756088833,1.0007389829320033,1.0767185275220705,1.1441452245475603,1.929768454968336,0.7109739976390582,0.9677367959425612,0.9713943638132873,1.4844115515667993,1.0730630338066451,1.115023157638574,0.86950154539381,1.1473072441447418,0.8884571973709894,1.5601863836119076,0.7523783295520883,1.4681754509837281,2.263315195828968,1.6473913592526765,1.3971719548492085,1.4625442035701115,1.8916766218173064,0.9347775810819184,1.293681044107323,1.6153075092083604,0.9158520684877777,0.8588849171579211,0.9834451671412078,0.8986542358109126,1.0981833391217892
1.3405982690173754,1.4212621256645575,0.8552543285365042,1.2861509590275715,1.1885614729199272,1.1420429407740431,2.9341741559610766,1.5727896490581146,1.4390357124265365,1.0806324832319645,1.5997578320997983,1.413129338241826,1.2642237563663214,1.0631140885558534,0.9384056418462897,1.2647294976055956,1.6480245100315847,1.0282760194956484,1.3101415110807952,1.0712195987971438,0.6534988086274052,0.9747660399883308,1.3067796921162707,1.8547013752709882,1.4091904889373266,1.3443088946120438,0.9913858437987336,1.2178915278162281,1.205221518197936,1.2520276418236997,1.3674922709305684,1.0118886586302565,0.7373284097483014,1.13931541769947,0.5743015451021728,0.4261317516947066,1.0446488655688912,0.6401764410558312,0.4264246867080802,0.566886781460462,0.9433453515859386,0.7512000317654278,0.47096490955281023,0.8226620070112473,1.1103052451656414,0.9227245611293577,0.898172576794024,0.8893848692115396
1.4184967003169828,2.0832406110877324,1.4761593806382671,1.0881266407015342,1.0733520584856449,0.9094529733799067,2.4798581477544452,1.0455055390808143,1.4151161044679843,1.3125395049207218,1.1074151274086657,1.3661702372534525,1.3723738959621834,1.196483604822174,0.8119328797650293,1.0971025131304988,1.606618945624882,1.1491640343926965,0.7607018829248777,0.7494603153350714,0.6817648862268254,0.7864725356420215,0.9579059845673055,1.702889296592477,0.8446228670610207,1.141836480234027,1.0129088242563324,1.059927767449086,0.7800890964262134,0.8847241588458119,1.3658774570806096,1.2620891379767674,0.8821344975742138,1.0498547348476306,0.6289975676770597,0.3016237143866121,1.0670757470739134,0.8639130548149283,0.6525676054722577,0.5684628073165976,1.0105785780222705,0.6249572929728333,0.7207285433235968,0.9694489977317234,1.4745364804271996,1.024496948338659,1.0599239192444687,0.9954897264054384
0.742910869992086,0.4403220628628838,0.9230962774491724,0.7889155149782927,0.8134199349073713,1.0751313204353026,0.5183805737773111,0.604565977780745,0.7951086281177877,0.727271486533416,0.684545711935962,0.7767829874514183,0.8199659641363292,1.048401308145183,1.2660129435246856,0.7180436829319049,0.6871863779230273,0.9897576769576679,1.1171048941030164,0.8063306625401031,1.03804496279452,0.9604170718583416,0.8918467320523445,0.787545244392749,0.7194138095585474,0.9295400042079521,1.1894330320646953,0.8871653260994388,0.9788099666352712,0.7430806763768184,1.0596043900415046,1.0143776250985008,1.1797460742425938,0.6171139276130843,1.4585306985159514,1.324569216998175,0.9590739874593474,1.2968404375591709,1.2775651043911695,1.5888448635783983,1.1405136535303713,1.1112356069823033,1.4110072718405129,0.8268387905913164,0.9678045978473457,1.3043257066234368,0.7298661326181896,1.1826148551299434
0.7543144093974997,0.4010350047258628,1.0022339537278828,0.990786150102658,0.8645677493950673,0.8937299795678764,0.5448747526016949,0.42893032141197696,0.8510573722348335,0.495492376182217,0.4662008728030563,0.6128667301266305,0.73582369365315,1.109275741320327,0.9566201546223848,0.7173113821292101,0.6797854443752481,0.8990613326575564,0.8758500761028709,0.6393450803413039,0.8574263703688201,0.5386674186695197,0.38634700203509215,0.8430576870707651,0.7236445211878356,0.7454276885282856,0.8669162356501908,0.7313920061735664,1.0,0.6802137793253311,1.1226647829334855,1.0737395277839181,0.8658133329328421,0.4565436650150781,1.3839938483918774,0.6784422185497393,0.5030916891499528,1.0383519957183767,0.9825231548990728,0.9537141796372494,0.9923641799342651,0.7286694942716392,1.085148077032791,0.7880145105627859,0.6538771546863807,1.2171613243328596,0.5607927088578462,0.9752409819819422
0.5658146990363025,0.3544537928066524,0.6714886117124932,0.4975745365196774,0.49617086617790657,1.0611890042359458,0.3529609290601492,1.3489272506970178,0.3990537759725797,2.5293450279291663,1.317268479978018,1.2350759811649485,0.9146988630619771,0.5754744108003189,0.8698605337029768,0.35541106467527694,0.7449909581011098,1.8646961948847725,1.7944006530414323,1.761604490909105,1.449249985724038,2.6761732521139097,10.827999812870196,0.5723381737090792,1.2398207892888822,1.9200926688046096,3.384997703901441,2.2831732030880327,1.8583650041121504,2.5506998462526482,1.149977663801024,0.8274759991949912,2.0273078397544233,0.492009806662906,0.979377241267648,7.2922665047544,4.479377711889676,0.8512137030247017,1.9194216272505467,2.8470297318780986,0.6203895631709573,0.7975619923751687,2.119905955844916,0.7449661221952365,0.5002863985299936,0.6411208378212291,0.5380231344521937,0.761201935146982
0.8487352879636162,0.7456420779511729,0.7420371106555151,0.9396576587513222,0.781316547049846,0.8365230245211132,0.9166345795195903,0.7439049134584504,0.6693066069196906,0.6819690490313989,0.6984864624733402,0.6710577049805054,0.677666015400111,0.9891441734169474,0.999497245579722,0.8148227808662969,0.9527051485040713,0.9653820429543652,0.8363577668863534,0.9324603238201895,1.1736309253456008,1.0105315885994428,0.3018028624285936,0.8486867724982536,1.3515960770951108,0.9700020923033306,1.1587891790840352,0.9579413299881635,0.9777841436120235,0.8323066110799443,0.9066024231203558,0.8667334944039983,1.3340442536569455,1.2184375271958212,1.6477608091770704,1.0227929623628431,1.1817025911897845,1.3177685979620053,0.943762208270412,1.6773111933811715,1.199436255321127,1.3414477969682495,1.0423385345926615,1.2571951857876353,0.989887055787897,1.089702106878543,1.3550610033854091,1.2347614894568768
0.9846238862436375,0.864505908190362,0.9810297535740995,1.156379160385051,1.053453628710868,0.8810954804319261,0.8453228229581741,0.7817042825363963,1.0208284576794737,0.6899595025688993,0.6204395542602789,0.7328345825239896,0.6836986000929196,1.2305322786010926,1.1790282963859355,1.0486445559003825,1.0526316356949195,0.8559303229517293,0.826590012266588,0.8583632618681124,1.1508493756611784,0.9492112301933423,0.28759197426069116,1.0153664610099378,1.0289685128346875,0.9288586531462821,1.0992347823926143,0.9555664608604499,0.906459982564591,0.8359976178364511,0.9772706168311169,0.9312015222569051,1.0643829532152873,1.0301285708199128,1.2684653878668763,0.6200335261494415,0.5325946740390309,1.2165452550289728,0.7152049715360086,1.116225789043062,1.0887577037220804,1.2338372722725117,0.7899084064093279,1.195181985501458,1.0223211189387351,1.181183454214078,1.4234077605477815,1.1489428774232666
0.7562114608081796,0.6379251039450786,1.0130469065565642,0.9597417304580124,0.915439789504643,1.1114676276670576,0.7050089238312438,0.813677283725971,0.7436379756718706,1.171610054861989,0.8130372891455767,0.7875442008509309,0.8654403532241065,0.7317693613835045,0.9098120964325519,0.6864889809672423,0.7837260020876813,1.0113501573639845,1.149306004691105,1.064440523120669,0.8792704507965586,1.160406712395102,1.3926098641659799,0.7713408365317962,0.7343959098560229,0.9089088307100851,1.452978809536104,1.1799531968679928,1.283045603836571,0.9406055068180057,1.2337585724820173,1.133066500454013,1.1502241238617805,0.694705014616882,0.9377971429459501,1.5590612259836978,1.3369867361512648,1.1330467249484741,1.059293147466918,1.789558989895083,0.7855797609891563,0.9184624685943358,1.1699367249068213,0.6922851961298528,0.685842152242585,0.9382967769876176,0.7020247862142776,0.88907078296026
1.2171353091993993,1.3255060428032475,0.898150563932273,0.7837979580099704,0.8272137169610926,0.8382803797672034,1.2226279974312664,1.2210293136147665,1.0659640009871183,1.0570718660377185,1.518457771193391,1.2406219978869342,1.165666050031427,0.9293580013702026,0.7425583766750352,1.0538442225284606,1.2358231613549928,1.2555991878442878,0.9394824583076994,1.0866268149628509,1.1034594197626546,1.0736269969062522,2.093323280056199,1.2921256977887576,1.1603076653875364,1.3320072288029103,1.3384509161738285,1.5033858325798297,0.9598362512740528,1.2143278990024085,1.2389546644240572,1.4028863982183202,0.989686530481494,1.2344154025152034,0.9211108844070268,1.285300516674246,1.2486673663805161,0.6987819438278831,1.1589644212532406,0.9285427502263741,0.8753744086805777,0.842886634744938,1.2800187016473563,1.1471520289329693,1.4510143791040275,0.9073731686933942,0.9725362628965062,1.0720786139938878
1.6287400431088832,1.8441701244296018,1.5965896953696765,1.437627109020642,1.6039205945813837,1.3142729702836093,2.139091171798588,1.273185110179225,1.5250641027954295,1.5056008670411558,1.455718677515105,1.4687143365850923,1.4286774338805437,1.476724460371193,1.3399261935028994,1.4612243834821481,0.9006091961831303,0.711043670887179,0.7356090169799149,0.6126329409870321,0.8368744388127485,0.41579225552544674,0.625525606121451,0.936766143996218,0.6592397408568993,0.7750754099848297,0.6210386033692263,0.7574971803748362,0.6865539830680719,0.7841167900027276,0.7086516925189826,0.9269380369051299,0.7779654609126019,1.2329536656314786,0.5090695589352476,0.7763658380340137,1.047759536793995,0.7906674594401826,0.751817570158111,0.8255005126036108,1.135694591462507,0.9915227698788188,0.8303452050657717,1.1590369591738494,1.4023793821806823,1.1616922590989605,1.4092762237047978,0.9061284511249014
2.9472598817516213,1.6645260485233417,1.6776815044402058,3.8537331801172114,1.0404955915356475,4.812825552560455,58.438803232934866,4.406875266883307,0.20982943149035987,1.2234292442720704,1.4164642782927461,2.026181223662703,8.366951972208932,1.7770217993675208,1.388093248067414,3.2520247528113115,1.3081690203012222,2.5245368358509332,0.8623068820410048,0.9334952259973953,1.3167341423698544,2.030999058527178,0.7454058082920773,2.31826452742372,4.4590503621705455,2.3036968505550712,0.4699944777106425,1.818167585605831,2.1034649902154627,11.561358978592837,1.6650262988647921,3.2767684831509594,4.403236370188665,1.6632699747506672,22.89364661756856,0.6946465831466014,4.222326635112714,1.9671814453037917,5.812043819844355,0.7364121973654071,4.341716574513055,1.0,6.41911403643437,6.592376763692772,1.1947618438255456,1.0654958741202283,1.1762138394090518,2.0743321014131912
0.7950509409150379,0.6758462471557237,1.0,0.7031374588892454,0.7762844756268171,1.205134181565314,0.6087473650849684,1.5046147092490458,0.5890683867747599,2.837035781297374,1.2424686811576224,1.1216429095099663,1.0297262367801916,0.7575593347483087,0.9026016162488664,0.6129452353795802,0.7895804411665992,1.516344151033117,1.5206783660841152,1.7543316545929533,1.8796946669962267,2.0425655413104895,6.535134573574466,0.6185047857031148,0.937017308300836,1.2723130560590157,3.5098914399298016,1.619365695384507,1.6451984659541237,1.7849758808083531,1.2140953419869025,0.763941291655056,1.8628146817913518,0.7351934596788855,1.1630215020335222,6.523017648090121,3.6188575493884136,1.201544087953227,1.6276657354872768,2.7111477835705555,0.7898343419586903,1.0793696232376044,1.797676048762043,0.9478407409231655,0.6654344508208834,0.5990815215782815,0.681436220210077,0.9484049996786299
1.6221438682417233,2.034429984889696,4.51212154958979,0.3070614229834887,0.13208990485097036,0.1383621298961277,0.24704364550114102,1.7975712043027174,0.11654827458284284,0.10369833472413573,0.18166289234765526,0.1437137573977291,0.13741444488025165,0.42370916073132137,0.20144903451495194,0.27808507348525985,0.6369083940310615,0.7262832626813471,0.5134842101117222,0.24390339890994067,5.813861703556468,0.443013302069124,6.658484529160163,0.3060224591257766,1.7003146246188137,0.4127571513335034,0.1086141814289454,2.55890820147535,5.33530187860513,0.43432679924402384,0.8053498263718996,0.2074682432462413,1.8555043868808758,1.7045446437650955,9.562744523661998,9.546298357754132,7.4953280140840794,3.6003208273903957,3.9490236613458722,0.8546969203194837,2.047365144225669,2.6213654805456916,4.361500704486358,76.22200944423939,2.897010327664108,0.5518596976889479,0.8675871693496443,9.777172400093738
0.8725336918781823,0.7137518709885561,1.161874379690342,0.90103622697276,0.9183709615433109,0.8654161991023014,0.7607610149875739,0.7281732541961685,0.8011885600149982,0.9030750355495853,0.8049885638334198,0.7795394393685405,0.7789551844624336,1.027455454934826,0.9919332741677681,0.7421116860073074,0.8405952418623586,1.031691099083578,0.9289776690974497,0.8979998665877106,1.3788119444549096,0.9843236175859909,1.1108129476244462,0.8699896084171149,1.0553890543185962,0.9055515301271201,1.2361324542693237,0.9388548670765374,0.8943537829564041,0.9108025611066903,0.9775698352912883,0.8930013939943562,0.9613608468291492,0.8804974378037511,1.0338930313188874,1.5149443780211636,1.3500131492669458,0.9708329720927665,0.865846493540684,1.3297784967424813,0.8673688904487402,1.1271297214336022,0.9562844934354481,1.150801801292351,0.7308500846148827,0.896750983744721,1.021330424175233,1.0003851921792208
0.6044924243617315,0.262293621047564,0.8629938206352961,0.7755116042729666,0.6034500198657798,0.8483130474070559,0.484613393541255,0.6100378630851122,0.7650986155311422,0.8923841385197512,0.4562405183808058,0.6092243503762139,0.7510563799845875,0.9812290378899369,0.9168370648721871,0.5295249083103741,0.6127897170670177,0.9156207044156162,1.068767912065555,0.8751768030714072,0.9813389913669592,0.9281966558466986,1.5263812857131782,0.6195030032457964,0.6855956882768737,0.7474539329520611,1.1656775865767328,0.8598684387510106,0.826910263827142,0.7357062079254825,0.9102215084077968,0.9488644317421138,1.5842664662901687,0.45842590045603376,1.7085743015548556,2.0977653058219796,1.3955719316362285,1.59359773113964,1.3739771003391357,1.364550171213545,1.212608411729016,1.1468564143706346,1.5174895379165485,0.8879475680178226,0.7904239600421964,1.0954325359128432,0.7671432810850112,1.2174302495961287
0.7585474249807256,0.9307661368743178,0.4782496173880087,0.8259909818395079,0.5862743860188838,0.9293676522341691,1.1170156971555594,0.9407822325277734,0.9002015092664211,1.6787873176088204,1.0,0.6613694094608455,1.0923066382518754,1.5808700931733572,0.7304641771549112,0.84788807850472,2.333651560916325,0.758444354221834,0.8116571492472112,1.4029921819473568,2.3664947586102523,1.6072928698428,0.8849517909059567,0.6010957156983733,0.9567182745776895,1.185260298337876,2.580480818708454,0.619844808384293,0.6426506562789045,1.3498157471958219,0.7410354933403295,0.8152880553017839,0.702798172926471,0.9861530313378781,1.1809599716687016,1.1216742046006047,0.562568793551495,0.7567272306575726,0.49389815241537127,0.7565895054294094,0.8196392674099112,1.1644005220365192,0.545486004753387,0.9808241645446802,0.4963395442893277,0.41054318909887866,1.1271593622328904,1.3884187499740204
0.9489757970858076,0.8096834170115739,0.8796799481268861,0.8948479419366709,0.7051431447444667,0.5917598840293211,0.6356191692786297,0.6898133268244285,0.8188663967211658,0.5246675048942893,0.4487018756917229,0.7151794906465511,0.592146927404107,0.9165673799219746,1.1823761332434886,0.6305136933497708,1.0,1.071504343167161,0.9509987435882944,1.1531576261075918,1.0722897204260258,1.0281880010335724,0.23021864165710373,0.9955722971143964,1.555461976126843,1.0100834130841003,1.2117171850552935,0.8786852711959836,1.212029311488979,0.9238955267193779,0.7969867929552459,0.8998803192039542,1.1780638799446133,0.9351730216775781,1.6344904505412048,0.838069418375978,0.6635792615013605,1.0705577562993325,0.7418459635027298,1.0683520278139131,1.1898033804381922,1.2324734802878698,0.8193320602527868,1.4114436931098224,1.20036914970027,1.1334637343776055,1.523254132551266,1.3036553498526284
1.0213573634121935,0.7124641298981936,1.514202910990231,1.6099285828645633,1.0922432138944023,1.0188285050068946,1.9993322936265392,0.6452927456270687,1.2270993517291284,0.7147392094688481,0.9496921227159831,0.7415050322350529,1.1630961589660398,3.322069716231336,0.8566626012376098,1.1244667760560427,2.454833981567237,1.7889632794119499,2.0325283104056133,2.0521746674737322,2.0121008579773227,3.335836372867722,3.0933145583802553,2.67132498522453,2.0819374945826623,2.0325023406709333,1.3517137901146625,1.3692757557370279,2.135895418868608,2.282703886029514,3.095203001430312,1.4339427586699047,8.160546733318917,5.695114747693619,4.0661410083173735,3.8616383014653715,3.684585688303657,4.306556063773601,2.2244201966397767,6.165557537205683,6.214797448708451,10.013422420529407,2.456761743334701,5.33038930425854,3.946789403331787,5.927845263409234,7.66536148486441,5.428330201316653
1.3521561497730579,1.5477693790566052,1.049069366438007,1.1713864594189902,1.183527190806393,1.0967952851138074,1.3063153218629473,1.3379124682142427,1.3661809665225029,1.3204678437721717,1.461785936854815,1.1040821254061415,1.2092287973902487,1.0302420405144754,1.071559531327598,1.110931152294179,1.0723806515576948,1.0671996001948263,0.8529415893661507,1.1016789787545311,0.9252129669950475,1.0474258313787854,0.975923595198643,1.1300389002560123,0.9804477959627509,1.1471140457283808,1.0325031396037911,1.2283283978508968,0.9713612608777411,0.8386904750576903,0.9919062577163921,1.102598394390978,0.9516565156709466,1.3352950737378815,0.8920158154063421,0.43776557937986477,0.9992552195813325,0.8016977728621572,0.6819013988556195,1.0273663647403504,0.9888722444678861,0.9998097318553143,0.753126262729306,0.8365566606556737,1.0594046406848185,0.9743386188217132,1.0901195612063819,1.0549611347282508
0.8239345505609886,0.9101407876534621,0.9432212516473414,1.1116175072008456,1.1368509708049401,0.9747393693369396,1.2858082073472135,0.8509741695664844,0.952428684109249,1.094014583863958,0.9460954315257779,0.8919721169588227,0.9891101021284447,0.8030074890656409,1.2896154585123674,0.7757084035077999,1.1335760805007167,0.9893580581568665,1.0092611605152642,1.0464192727097843,1.7489869292999656,1.01885013403355,1.8516871304306841,1.2134192556775412,1.2474848793582556,1.094341384232612,1.0902134269982056,1.1943596020099674,1.3213731458963747,1.195971228306889,0.8997197657606482,1.1400089591064495,1.0328050153400767,0.9363011180470718,0.9070536946776995,1.3489516909379446,1.387587863062089,1.131160950238344,1.1446865613293618,1.297265974440273,1.0226046872636632,1.1423871639296355,1.2642495137526117,1.157588063337538,0.9160351197551377,1.028881826019884,1.3017595991162523,1.153188920307761
0.7873729871619738,0.7397500391705192,0.9396839220116768,1.363203886732766,1.0864986335366542,1.2203847039297089,0.8337269560320882,0.9239494899408892,0.9129773204416475,0.8524678584801763,1.0572280460576262,1.086240649648176,0.9811022773677797,1.160175153225979,1.3604384872966082,0.9014941732233849,0.8373584464888599,0.8407433952577136,0.9518785710200428,0.8873119534514656,1.116398649741784,0.8360413375659151,1.3052784563691877,0.8140002807128554,0.9310567378043606,0.9912605689533215,1.222490259119405,0.9110056035234573,1.0148977897452505,0.9850982675461417,0.9022517598146615,0.9785778431546073,1.436602137728416,0.8827205725810822,1.1774129862361795,1.5683286788858293,1.511140476313114,1.2297793069065999,1.1284053046149223,1.4657429891860765,0.9041556097358643,1.0653810213018884,1.2462676735005456,1.139556197343643,1.00810461088965,1.0767947298146607,1.0,1.1004899356199052
2.343388651795688,1.9729251919272492,1.0092779156727354,1.7607159723526344,1.2691686474768828,1.6673044738839848,1.8332809065926832,2.5228621369117885,1.7315969481311229,1.4999419865213752,2.166475800524175,2.3253420292643323,1.6114962723629587,1.0267142558653117,1.6135653608707237,2.2522449213736584,1.1511685705075803,1.1738632357432028,0.9410346032612749,1.0905252411871926,0.7672497825267123,0.7155968952761683,1.1088019778835947,0.9054120120976988,1.1451078077663182,0.9962718191930965,0.7627163972433285,1.2081336383554122,0.7393053596355966,0.7709724482976642,0.6633573402083945,0.8714267255509149,0.6312568123561582,1.0613279626964192,0.4872199524071802,0.40517122766592584,0.5545412043758264,0.4723791335104878,0.2917553220724444,0.6772952982506282,0.6968973677335099,0.901527865798302,0.3222292778876213,0.5390600970542072,1.260988967140335,0.6532005351406224,0.7568213987187218,0.849963317667212
0.8243919708885658,0.5151154153378423,1.0284305430489356,0.8835558952350152,1.04370582323567,1.505246187189505,0.48084113309488913,0.7838182542193853,0.8104837826502556,0.7435817097349401,0.733614047452232,1.0,0.8768728430735954,0.9344929984322145,1.1776987184586458,0.9297691352176837,0.6256710917292962,1.1551817612864743,1.1960885736000144,0.9739505187905668,1.4175122865250762,1.1339027666547201,1.1641395934335614,0.7709942553463032,0.6597105367418282,1.1892032301155626,1.222030208392792,0.9061558128867997,1.3412568001158633,0.8987123991444014,1.0448972132140355,1.0291283682379513,1.227360813958656,0.6227407479767618,1.309996561321056,1.653021642338017,1.2283235201681522,1.4483347465784084,1.3122077717155114,1.9450965124859048,1.0768977773323822,1.0060196632758176,1.4492683791160539,0.9293024958324971,1.020627625271526,1.3931151020994719,0.7966209466715894,1.1972843792595191
0.4921122170728074,0.23535902222134616,0.7581610087084977,0.8159412883791632,0.5563940214991524,0.8603675774876861,0.39640228682265416,0.4132879493870643,0.6429190732194193,0.6287756422361299,0.47039736686356376,0.5654514716998663,0.5160857935939952,0.8189116120665373,0.9362882074427219,0.5318164894020871,0.5755239371504455,0.6694894595275536,1.077208999183083,0.7881281885561605,0.6027135891037739,0.808172211420514,1.1880129688806638,0.6104874232878474,0.6364769567564796,0.6720785361450281,1.093978374545048,0.6765925822468897,0.8347130880606886,0.6741158644240683,0.9852572397359144,0.9784919589221859,1.4107820129174196,0.47536519784709985,1.1637870313280967,1.3067944783420715,0.8987223527168632,1.2913361931811755,1.0312202260455259,1.1741943203961125,1.0207722281556642,0.9553936274331676,1.1389315760253729,0.727063593662094,0.637276260550608,1.0440737739267996,0.6209574939436092,1.0491911196882848
1.429126789039712,2.095443381119654,1.536571705701292,1.1689128868509913,1.0096740795737928,1.074941078136385,1.9933331456749455,1.761288300266511,1.5203000681895429,1.3177077221468578,1.3576061922582472,1.453574510428763,1.3212188801788622,0.9326072379304124,0.9447033177429867,1.2139929515582832,1.132289038421123,1.1047542785342703,0.827511983922228,1.3125637279126372,1.0048127007615972,1.4518543718360888,1.2107695666845661,1.5955275000515803,1.0675190344765222,0.9679793490386449,0.9607387372821048,1.6361653011531614,0.8483792713432989,1.1533370455712335,1.1781305336089265,0.7663487565663527,0.9520617909746991,1.2492111526883865,0.9472521540923199,1.0758741263094145,1.0427350419757824,0.7062802447113948,0.431163804639742,1.0,1.1402805244447918,1.016383205596731,0.4761990301786012,1.2452309583358185,1.4465931442062485,1.0657956213937934,1.2879395836816492,0.9135669887510162
0.8445246430947407,1.232375038462571,1.2290263144252684,0.9099564687436802,1.0166747761733312,0.6580196170222088,0.730224694828525,0.7616185141582404,0.7905986667737499,0.6650648858137327,0.7469019477116858,0.6272149049234717,0.620057474259995,1.2089608272116168,1.0513324775486101,0.7918425208983706,0.9056776379038332,0.7541757389462216,0.8812693132728356,0.8238945166852716,1.4639390959428797,0.9380840427380959,0.586560036096472,1.0654211773604927,1.1666813645910665,0.8521120795872636,1.1475462356808808,0.9057914314172906,0.9616658854571775,0.8807893105303731,1.0884651227716333,0.9958196753686637,0.7863969999161813,1.075950104043385,1.2240641755913817,0.622660235436396,0.7670392589735714,1.0215726032769998,0.7373132319672916,0.7845207158252051,0.9092806752987093,1.0288387007248967,0.8143258831618337,1.1139421602377015,0.8055154669403614,0.9337740444268807,1.2581963433146517,0.9284066070257756
0.9540360435267038,1.2166692141308753,1.321265768118248,1.1417169495106918,1.224549109103094,0.81156696031645,0.8091786807046959,0.8118288299523618,1.10049284170005,0.8018768434234602,0.5556113046594782,0.7038720725020362,0.7976579627128738,1.4007849497617226,1.2229227060025327,1.0345605408043708,0.9826447125408687,0.5626589300865992,0.840510096182303,0.7219587178664835,1.3556931932619987,0.5669612435670635,0.10589343855912293,0.5947214508176556,0.8495643752699429,0.8253359443384933,0.7943989131414289,0.7523229527548095,0.8012987040564428,0.7654638702058219,0.8122888559568674,0.9975431421499734,0.7574631251122746,0.9343028935041592,0.6787729473877362,0.3152890368262496,0.45922636024617297,1.0103845045903568,0.5753398141389343,0.7015390582126451,0.9790608795316298,1.1152368143611073,0.6354342794266263,1.315398417728989,0.9262550429528326,0.9339306900172948,1.3234503070654469,0.9128483199079431
0.6368811054339427,0.30256609841484194,1.1886305522659613,0.9516833166068297,0.7803867369545496,0.8247928276572324,0.5377146025315463,0.4915971135055314,0.8227645239904678,0.6498919296010601,0.41048500764795987,0.5906020999806825,0.7604734005268465,1.0701951003667707,0.9068622833556723,0.6577539655550273,0.6632878229902182,0.8064325872244411,1.0262949746584822,0.8777422363631276,0.8443033517102505,0.7308730483704431,0.2896785183061428,0.7678356612560776,0.5775041576704721,0.6623068630214002,1.0246374012688637,0.8046759877171665,0.9545073300012566,0.7611666451861139,1.1115156211043549,1.1004850800762904,1.5635213400114907,0.5264236197813107,1.637364128948839,1.6916296797749808,0.8452916494296294,1.6363434548579814,1.3814615039634626,1.299323758791299,1.6038732084022085,1.387190494109794,1.5257556903834688,1.0326536998813889,1.0,1.3905267407145412,1.0233981944624273,1.2856504766116637
0.7686875495999033,0.5185362408449457,0.8196311794001364,0.6759219888114016,0.7785838901315242,1.0501429427833997,0.5636973278770568,0.8989163498299386,0.6791635432901598,0.9754102365629647,0.7495263823589144,0.8495992043619751,0.8666280087787243,0.8067402442936871,1.1410108286869707,0.7210706280848279,0.6649793996161372,1.0470048386321955,1.1171763252403113,1.0259902458937087,0.9803534003542186,1.1645519341153103,1.637666989716472,0.6778333057732369,0.6659781757065201,1.0124990033101098,1.5239363574053229,1.27990876471042,1.1011855349224682,0.8841280054520013,1.0497123167838442,0.9822467687812738,2.5947590987264273,1.0566122574101169,2.2189377794090785,3.434353744705218,2.5884242526937986,1.5672615133289487,5.058537946272164,3.8134197266300913,1.2282406975553068,1.6337038359600842,5.586904184012348,1.1963579106307767,1.1369866709107173,1.3255054921355665,1.127813569803168,1.304653628530776
0.9023875932321794,0.6599543786534636,1.1128376873111698,1.0080927612571098,1.326169725898849,1.3590534982072724,0.9235518900543088,1.853649820919822,0.8140859452295477,2.3508279718895473,1.7672159255742246,1.3559313387135998,1.2162118591545177,0.9636337722048576,1.5686250063197515,0.6849231466460591,0.9398260975704379,1.5049611842525241,1.8332052449578895,2.0428928284392742,1.7627381006501364,1.8099867108631666,4.644153874286074,0.7327728422039334,1.312448023218711,1.1869893728644152,3.204505951978901,1.6804611920480303,2.130397367217929,1.628374403512063,1.3543856060135724,0.9378298501860807,1.4975454008217757,0.6329790431839836,0.9922624215511546,3.303241960612284,2.486429082716921,1.1573769596661827,1.3145026180583994,2.6123801584397146,0.7814449329386095,1.0945328347502714,1.4518029230437504,0.7217766374114176,0.5434834887660204,0.6585716181419257,0.6364773483785447,1.002033600265349
0.6306778273442846,0.23347403622100787,0.9055822084829716,0.9257866659423101,0.8131837531893812,0.7915248680238546,0.4871080416177932,0.47141039046658156,0.840857611019134,0.7744149080989655,0.3825365209692595,0.5501727129178338,0.8098112121593405,1.2317096321554102,0.9793715284704606,0.5592951656799707,0.6508441787713574,0.805581801898238,0.9972003262704715,0.8077788470824312,0.7613511210317316,0.7442095554555808,0.6022867931856174,0.6535898435445083,0.6079874957761675,0.7215358717451306,1.119652017386001,0.7152789980201341,0.98444482673076,0.6414540309577453,1.0915080552619312,1.0632586390187362,1.384657428085667,0.4461439060628663,1.333286242536217,1.4718510293820637,0.8943332070890807,1.4353846647018091,1.230749823905448,1.1533726395568984,1.322797834943401,1.153088512416513,1.3593021172683035,0.8013478146724552,0.8068622188858138,1.2771512857481042,0.8386211774093743,1.214268697261629
0.834604764576023,1.6108529302875445,0.9935018403757848,0.32129972018079805,0.16303999200132002,0.0693853728263435,0.23283206277353033,1.1938198756444776,0.07428971151856033,0.09018397408969851,0.14062891280481113,0.0785045528282829,0.08769595008584688,0.26165046827362204,0.16033003717694552,0.2781766127330129,0.8520904776137306,1.5242033649352278,1.0147777180919222,0.31500722859078606,5.677185532332297,0.9215671801250365,5.750965407125474,0.3821415032498577,2.2519291563534765,0.3381095568239761,0.23813121410316687,3.3250280804255166,13.524151504231904,0.8463758891499356,0.7270924357710751,0.34543104560650095,8.31313241469082,4.135538143797124,44.40764741413752,48.93456153633315,28.881106414697957,4.517859765853991,14.587703649136529,4.518236721612201,2.8981413596901144,3.0192039451664434,16.111394916500274,147.35829022359013,3.422611406470626,0.5612888322347545,0.694647055370761,48.200017400167475
0.7913055613165498,0.5404306763747557,1.3677927999739952,1.168431221531855,1.183450766338954,1.273531209049887,0.7189781975497653,0.894221100918066,0.9065865144249133,1.1966480121299021,0.8762211540946974,0.7011453180838134,0.9810484397290944,1.3067253273764745,1.0678878265459861,0.8802734113587576,1.021174238260346,1.0909767771254262,2.2837996818202573,1.483340969347683,1.2893828274062293,1.0627137121248504,1.7905534127109994,1.1601119534761157,0.8659541606641511,1.4026139397299948,2.316397338499516,0.9581033760116674,1.5085608286742802,1.5298159084490037,1.570815566771241,1.4443387012992348,0.7884501437126054,0.36239395940888103,0.6777897999331937,1.4098536751225328,0.7521676067101658,0.9697954897301,0.7541860814082434,1.238858619112027,0.6368313900391762,0.6176790190614442,0.8329611082286602,0.6501276750234196,0.3444920901421957,0.7505753765021115,0.4526121939529316,0.8529494497191177
1.3170930761092945,0.6883387000107553,1.2480441460791454,1.7495964810923854,1.6288677062776014,1.7315056099113282,0.964901733158345,1.3706979214714217,1.8078174240179996,0.9583835714819383,1.0460822043343119,1.1699974353040241,1.1717922042898503,1.2666685496533074,1.9386313671967317,1.3320986079831427,0.6506083016361345,0.5995326166163131,1.0041262573153906,0.5649569987504358,1.0206163547110023,0.4088906928715319,0.5440323933450276,0.527582061732982,0.6862524554332092,0.8316460663320856,0.62634064547159,0.6898351734074051,0.8035078490629919,0.6309406265385481,0.4870002070303533,1.0,1.0736698500683357,0.7067300077314554,0.8829901601386453,1.1814575423415634,1.0667777343715914,1.11116385525095,1.4246703194337016,1.4558504338817129,1.0440992964968412,1.1233718934452583,1.5734776832796171,0.9548381361006294,0.8227947624197739,1.0128936290022263,0.8079619580757125,0.8697685001257338
0.6109042262533156,0.3911063357603204,0.943840551455633,0.8636684144290774,0.7519073386063968,0.9478814786571775,0.5202795235779154,0.5258251377362391,0.7745065560832765,0.7687700770697629,0.5030366642892846,0.624344025396757,0.6641257945980601,1.0646427747397391,1.0839818571814066,0.6199448961099563,0.7944305282803733,0.8969046506911312,1.06713312718963,0.9866814447045114,1.049980205943596,1.117873595697833,0.9298169463715725,0.8325157110764669,0.870600709864911,0.9489385182684922,1.2378302342173846,0.8721932708316548,1.0757070488108467,0.8066320834067029,1.0976912913525356,1.1621994201619716,1.128929882082999,0.5220624036244152,1.2223700722691064,1.1982905814329121,1.0,1.2736879665290808,0.9283251472458827,1.437016662133333,1.03723695521573,1.100688969665505,1.025289066595618,0.7383260384879589,0.7278640629820041,1.2179360595727042,0.7813587736928076,1.0599690302341576
1.0348646784685858,1.076038006948578,0.9085217889003748,0.8575823041530751,0.759159946474164,2.002686608459879,17.780593625011733,2.507837081361052,0.32869933977481863,0.8393686123613625,0.9098845233600468,1.062887396614529,3.6418938182987164,0.8623606854380456,0.871194066442404,1.3909822992248106,1.3648988758499223,0.9897135451082306,0.9532835517301949,0.8339336458757545,0.4489364715765639,0.6433628355380372,1.8610562500749859,0.8446644300192121,1.5368031249416438,1.197049586593568,0.7409234328949272,0.5701464321894096,1.6571312590300153,4.613770500148411,0.6432286868206534,0.9637652900293465,4.1449535272419,3.1448480567853014,1.1717939351351332,1.4637921860242427,23.312212812222803,1.6206562209610338,6.836030551425226,2.984113989131107,4.253484478963907,0.9573532896633916,7.550056576710907,7.095058926282342,1.2681429414410013,1.6418857846381512,2.45957520196932,1.024903709742421
0.7290026498479611,0.7138756833922046,0.6032963000613536,0.7088739390533176,0.7926897526512642,1.296418431997467,0.7216164570227391,1.1551284703066118,0.6071659055523865,2.111350029246257,1.330128381630484,1.0496815043148275,1.1345744079085975,0.7501511085106185,1.3349763067426108,0.6179971376923366,0.7411068596709189,1.3344092655897577,1.4510956146512364,1.456261913599859,1.6826840818826518,1.1920668067641833,3.3233665487428734,0.822462473598569,0.962899667255458,1.6946657069446314,1.8645928079222944,1.480249639994784,1.4562566443398368,1.5738739389530967,0.8215092141276134,1.056326281168497,1.6401030706824593,0.8817600397386556,1.4927082076479241,3.789401793364971,2.791299752612018,1.1205827615356478,1.7677132286504142,2.5977993953282175,0.8203200822324961,1.2667402154770557,1.9523515565518341,0.9696311641644145,0.7300461024738364,1.171247446377747,0.6814426440641045,0.9997532153073426
